country_code,year,age,mxM,mxF,mxB
404,1990,0,0.07647303,0.06450576,0.07051023
404,1990,1,0.01657143,0.01558143,0.01607735
404,1990,2,0.01019162,0.00947593,0.00983433
404,1990,3,0.00691753,0.00637551,0.00664689
404,1990,4,0.004813,0.00442292,0.00461818
404,1990,5,0.00359251,0.00329286,0.00344284
404,1990,6,0.00295167,0.00268148,0.00281674
404,1990,7,0.00249657,0.00226236,0.00237964
404,1990,8,0.0021793,0.00197392,0.00207677
404,1990,9,0.00196935,0.00179159,0.00188061
404,1990,10,0.00183661,0.00169363,0.00176523
404,1990,11,0.00176095,0.00164956,0.00170533
404,1990,12,0.00177253,0.0016681,0.00172038
404,1990,13,0.00184046,0.0017331,0.00178685
404,1990,14,0.00197094,0.00185359,0.00191234
404,1990,15,0.00214579,0.00201249,0.00207921
404,1990,16,0.00238988,0.0021999,0.00229499
404,1990,17,0.00267659,0.00238066,0.0025288
404,1990,18,0.00296833,0.00258703,0.00277787
404,1990,19,0.00326678,0.00277339,0.00302026
404,1990,20,0.00356499,0.00297045,0.00326783
404,1990,21,0.00383028,0.00315419,0.00349222
404,1990,22,0.00405927,0.0033537,0.00370634
404,1990,23,0.00423752,0.00354258,0.00388979
404,1990,24,0.00438888,0.00373291,0.00406053
404,1990,25,0.00451877,0.00392715,0.00422251
404,1990,26,0.00464539,0.00411187,0.00437809
404,1990,27,0.00478743,0.00428841,0.00453732
404,1990,28,0.00494994,0.00447516,0.00471192
404,1990,29,0.00511752,0.00462941,0.00487274
404,1990,30,0.00535902,0.00484352,0.00510041
404,1990,31,0.00552087,0.00496897,0.0052439
404,1990,32,0.00582395,0.00520913,0.00551525
404,1990,33,0.00608727,0.00541349,0.00574874
404,1990,34,0.00637143,0.00563967,0.00600348
404,1990,35,0.00672047,0.00588225,0.00629854
404,1990,36,0.0070365,0.00612122,0.00657519
404,1990,37,0.00736537,0.00634653,0.00685122
404,1990,38,0.00774453,0.00664264,0.0071877
404,1990,39,0.00808504,0.00686834,0.00746922
404,1990,40,0.0085623,0.00719721,0.00789942
404,1990,41,0.00882892,0.00734245,0.00813206
404,1990,42,0.00936581,0.00769641,0.00857583
404,1990,43,0.00973292,0.00789521,0.00884534
404,1990,44,0.01022211,0.00817083,0.00920254
404,1990,45,0.01080781,0.00851006,0.0096333
404,1990,46,0.01128576,0.00881623,0.00998923
404,1990,47,0.01191879,0.00918809,0.01044555
404,1990,48,0.01268351,0.00972122,0.01103921
404,1990,49,0.01343465,0.01023813,0.01161423
404,1990,50,0.01443136,0.0109824,0.01242902
404,1990,51,0.0150602,0.0114192,0.01291942
404,1990,52,0.01613724,0.01223968,0.01383268
404,1990,53,0.01697528,0.01284103,0.01453313
404,1990,54,0.01794455,0.01358833,0.01538136
404,1990,55,0.01892719,0.01433411,0.01623793
404,1990,56,0.02003147,0.01520499,0.01722009
404,1990,57,0.02119981,0.01609687,0.01824662
404,1990,58,0.02276609,0.01735842,0.0196656
404,1990,59,0.02438091,0.0186401,0.02111826
404,1990,60,0.02665367,0.02054882,0.02320747
404,1990,61,0.02827351,0.0218174,0.02465725
404,1990,62,0.0308818,0.02402433,0.02708561
404,1990,63,0.03327086,0.02606919,0.02934687
404,1990,64,0.03587877,0.02836391,0.03183677
404,1990,65,0.03877768,0.03097059,0.03460001
404,1990,66,0.04111523,0.03301604,0.0367822
404,1990,67,0.0440573,0.03554788,0.03950953
404,1990,68,0.04740221,0.03855944,0.04270308
404,1990,69,0.05083168,0.04151929,0.04590931
404,1990,70,0.05569207,0.04605499,0.05060768
404,1990,71,0.05908897,0.04880732,0.05368244
404,1990,72,0.06486934,0.05391397,0.05914788
404,1990,73,0.06994836,0.05824529,0.0638867
404,1990,74,0.07572775,0.06323842,0.06929308
404,1990,75,0.08202748,0.06874055,0.07518645
404,1990,76,0.08842969,0.07396797,0.08097077
404,1990,77,0.0952386,0.07954716,0.0871087
404,1990,78,0.10370821,0.08684534,0.09491654
404,1990,79,0.11151089,0.09305984,0.1018516
404,1990,80,0.12154553,0.10179554,0.11117072
404,1990,81,0.13019445,0.10852613,0.11874935
404,1990,82,0.14387002,0.12122486,0.13188098
404,1990,83,0.15639689,0.1324755,0.14377043
404,1990,84,0.17108131,0.14576912,0.15771209
404,1990,85,0.18429984,0.15837529,0.17046986
404,1990,86,0.19959001,0.17201346,0.18468422
404,1990,87,0.21470674,0.18553485,0.19874176
404,1990,88,0.23130609,0.20086827,0.2143987
404,1990,89,0.24747994,0.21537342,0.22934328
404,1990,90,0.26745969,0.23600281,0.24940664
404,1990,91,0.28246177,0.24819447,0.26249003
404,1990,92,0.30446492,0.26974094,0.28410058
404,1990,93,0.32486423,0.28910567,0.3040011
404,1990,94,0.34680049,0.31050013,0.32561665
404,1990,95,0.37070103,0.3339315,0.34896972
404,1990,96,0.39258996,0.35555265,0.37009566
404,1990,97,0.41387131,0.37674997,0.39021407
404,1990,98,0.43446202,0.39743309,0.4088534
404,1990,99,0.4606374,0.42437313,0.43374725
404,1990,100,0.51490778,0.4831222,0.48952746
404,1991,0,0.07788576,0.06558527,0.07175885
404,1991,1,0.0170632,0.01600169,0.01653348
404,1991,2,0.01052001,0.00974488,0.010133
404,1991,3,0.00713677,0.00654934,0.00684341
404,1991,4,0.00496401,0.00453684,0.00475066
404,1991,5,0.0036993,0.00337393,0.00353677
404,1991,6,0.00303953,0.00274802,0.0028939
404,1991,7,0.00257121,0.00232112,0.00244631
404,1991,8,0.00224417,0.00202693,0.0021357
404,1991,9,0.00202717,0.0018416,0.00193452
404,1991,10,0.00189088,0.00174188,0.00181649
404,1991,11,0.00181405,0.00169687,0.00175555
404,1991,12,0.00182605,0.00171722,0.0017717
404,1991,13,0.0018956,0.00178606,0.0018409
404,1991,14,0.00202978,0.00191217,0.00197105
404,1991,15,0.00221006,0.00207883,0.00214453
404,1991,16,0.00245905,0.00227338,0.00236631
404,1991,17,0.0027553,0.00246438,0.00260999
404,1991,18,0.00305613,0.00268236,0.00286944
404,1991,19,0.00336588,0.00288073,0.0031235
404,1991,20,0.00367815,0.0030917,0.00338506
404,1991,21,0.00395759,0.00328748,0.00362256
404,1991,22,0.00420103,0.00350261,0.0038517
404,1991,23,0.00439257,0.00370658,0.00404933
404,1991,24,0.00455652,0.00391198,0.00423391
404,1991,25,0.00469924,0.00412219,0.00441032
404,1991,26,0.00483689,0.00432213,0.00457905
404,1991,27,0.00499157,0.00451285,0.00475167
404,1991,28,0.00516603,0.00471191,0.00493837
404,1991,29,0.005345,0.00487803,0.00511084
404,1991,30,0.00560151,0.00510355,0.00535173
404,1991,31,0.00577368,0.0052377,0.00550472
404,1991,32,0.00609189,0.00549005,0.00578977
404,1991,33,0.00636928,0.00570479,0.00603553
404,1991,34,0.00666844,0.00594253,0.00630359
404,1991,35,0.007034,0.00619763,0.00661327
404,1991,36,0.00736395,0.00644603,0.00690169
404,1991,37,0.00770654,0.00668028,0.00718903
404,1991,38,0.00809788,0.0069847,0.00753581
404,1991,39,0.00844889,0.00721641,0.00782568
404,1991,40,0.00894055,0.00755224,0.00823739
404,1991,41,0.00921188,0.00770071,0.00847752
404,1991,42,0.00975959,0.00805752,0.008961
404,1991,43,0.01013336,0.00825936,0.00924574
404,1991,44,0.0106321,0.00853975,0.00962048
404,1991,45,0.01122841,0.00888508,0.01006235
404,1991,46,0.01171336,0.00919717,0.01042559
404,1991,47,0.01235597,0.00957587,0.01089444
404,1991,48,0.01313313,0.01011914,0.01150473
404,1991,49,0.01389361,0.01064681,0.01208866
404,1991,50,0.01490646,0.0114032,0.01290821
404,1991,51,0.01553849,0.01184978,0.01339346
404,1991,52,0.01662527,0.01268002,0.01430165
404,1991,53,0.01746666,0.01329106,0.0149933
404,1991,54,0.01844121,0.01404904,0.01584187
404,1991,55,0.01943255,0.0148077,0.01670596
404,1991,56,0.02053963,0.01569088,0.01769481
404,1991,57,0.02171608,0.01659777,0.01872822
404,1991,58,0.02329587,0.01787675,0.02015244
404,1991,59,0.02492843,0.01918056,0.02162474
404,1991,60,0.02723342,0.02111115,0.02374479
404,1991,61,0.02886984,0.02240939,0.02521262
404,1991,62,0.03150385,0.02464321,0.02764943
404,1991,63,0.03391471,0.0267227,0.02992052
404,1991,64,0.03654597,0.0290546,0.03245016
404,1991,65,0.0394668,0.03170187,0.03527522
404,1991,66,0.04177312,0.03372693,0.03745133
404,1991,67,0.04467311,0.03622833,0.04013752
404,1991,68,0.04797369,0.03920221,0.04326671
404,1991,69,0.05135623,0.04212307,0.04642854
404,1991,70,0.05617136,0.04659452,0.05108641
404,1991,71,0.05950794,0.04929649,0.05409495
404,1991,72,0.0652157,0.05431722,0.05945573
404,1991,73,0.07021506,0.05856168,0.06409594
404,1991,74,0.07590179,0.0634506,0.06941469
404,1991,75,0.08209891,0.06882981,0.07521935
404,1991,76,0.08838915,0.07392793,0.08089304
404,1991,77,0.09507827,0.0793571,0.08690985
404,1991,78,0.10341103,0.08647866,0.09456844
404,1991,79,0.11107629,0.09250866,0.10131302
404,1991,80,0.12095183,0.10103793,0.11043045
404,1991,81,0.12958948,0.10775147,0.11800322
404,1991,82,0.14320455,0.12039363,0.13102846
404,1991,83,0.15569178,0.1316059,0.14279826
404,1991,84,0.17032185,0.14485073,0.1567176
404,1991,85,0.18351381,0.15741884,0.16955983
404,1991,86,0.198776,0.17103864,0.18378833
404,1991,87,0.21386893,0.18452252,0.19779145
404,1991,88,0.23043228,0.19981382,0.21343815
404,1991,89,0.24659772,0.21430283,0.22839897
404,1991,90,0.2665325,0.23486855,0.24838911
404,1991,91,0.28157601,0.24706089,0.26147723
404,1991,92,0.30355747,0.26857032,0.28285203
404,1991,93,0.32395597,0.28791967,0.30248314
404,1991,94,0.34587172,0.30929348,0.32416473
404,1991,95,0.36969545,0.3327051,0.34771174
404,1991,96,0.39156542,0.35431457,0.36903846
404,1991,97,0.41282888,0.37549715,0.38943765
404,1991,98,0.4333921,0.39616352,0.40859863
404,1991,99,0.45951531,0.42313187,0.43234426
404,1991,100,0.51381699,0.48200523,0.48816627
404,1992,0,0.07922596,0.06661096,0.07294357
404,1992,1,0.01752351,0.01640924,0.01696759
404,1992,2,0.01085899,0.01001247,0.01043635
404,1992,3,0.00736539,0.00672133,0.0070437
404,1992,4,0.00512796,0.00465094,0.00488968
404,1992,5,0.00381344,0.00345574,0.00363476
404,1992,6,0.00313688,0.00281689,0.00297701
404,1992,7,0.00265782,0.00238469,0.00252136
404,1992,8,0.00232105,0.00208575,0.00220352
404,1992,9,0.0020962,0.00189829,0.00199737
404,1992,10,0.00195737,0.00179707,0.00187733
404,1992,11,0.0018821,0.00175121,0.00181675
404,1992,12,0.001896,0.00177463,0.00183539
404,1992,13,0.00196933,0.00184981,0.00190965
404,1992,14,0.00211148,0.0019844,0.00204802
404,1992,15,0.00230359,0.00216308,0.00223342
404,1992,16,0.0025624,0.00236791,0.00246528
404,1992,17,0.00287725,0.0025743,0.00272593
404,1992,18,0.00319642,0.00280946,0.00300313
404,1992,19,0.00352595,0.00302562,0.00327603
404,1992,20,0.00386314,0.00325715,0.00356037
404,1992,21,0.00416822,0.00346994,0.00381919
404,1992,22,0.00443841,0.00370832,0.00407333
404,1992,23,0.00465532,0.00393499,0.00429497
404,1992,24,0.00484393,0.00416317,0.00450324
404,1992,25,0.00501289,0.00439761,0.00470487
404,1992,26,0.00517311,0.00462131,0.00489678
404,1992,27,0.00535391,0.0048344,0.00509365
404,1992,28,0.0055526,0.00505234,0.00530186
404,1992,29,0.00575462,0.00523808,0.00549562
404,1992,30,0.00604025,0.0054809,0.0057597
404,1992,31,0.00623358,0.00562935,0.0059304
404,1992,32,0.00658051,0.0059008,0.00623931
404,1992,33,0.00688595,0.00613205,0.00650734
404,1992,34,0.0072157,0.00638821,0.0067999
404,1992,35,0.00761359,0.00666397,0.00713604
404,1992,36,0.00797128,0.00692736,0.00744582
404,1992,37,0.00834206,0.00717628,0.00775457
404,1992,38,0.00875715,0.00749365,0.00811951
404,1992,39,0.00912969,0.00773592,0.00842534
404,1992,40,0.00964888,0.00808235,0.00885601
404,1992,41,0.00993172,0.00823855,0.00907325
404,1992,42,0.01049896,0.00859942,0.00957501
404,1992,43,0.0108882,0.00880854,0.00991154
404,1992,44,0.01140639,0.00909793,0.01031179
404,1992,45,0.01202413,0.00945453,0.01078014
404,1992,46,0.01252545,0.0097778,0.01115612
404,1992,47,0.01318751,0.0101692,0.01164011
404,1992,48,0.01398812,0.01072852,0.01227125
404,1992,49,0.01476705,0.01127374,0.01287581
404,1992,50,0.01580971,0.0120476,0.01371374
404,1992,51,0.01645006,0.01251083,0.01419803
404,1992,52,0.01755313,0.01335492,0.01510611
404,1992,53,0.01840272,0.01398169,0.01579261
404,1992,54,0.01938842,0.01475627,0.01663786
404,1992,55,0.02039939,0.01553571,0.01751376
404,1992,56,0.0215127,0.01643858,0.01851352
404,1992,57,0.02270739,0.01736977,0.01956739
404,1992,58,0.02431179,0.01867408,0.0210116
404,1992,59,0.02597823,0.02001113,0.0225069
404,1992,60,0.02834176,0.0219705,0.02466857
404,1992,61,0.03001157,0.02331667,0.02618436
404,1992,62,0.03268917,0.02558779,0.02865549
404,1992,63,0.03513834,0.02771884,0.03095504
404,1992,64,0.03781073,0.03010617,0.03351589
404,1992,65,0.04076908,0.03281409,0.03640282
404,1992,66,0.04302978,0.03482,0.03858008
404,1992,67,0.04586282,0.03728812,0.04123773
404,1992,68,0.04909351,0.04021835,0.04430588
404,1992,69,0.05240536,0.04309819,0.04738807
404,1992,70,0.05715272,0.04748859,0.05197035
404,1992,71,0.06040182,0.05013956,0.05492553
404,1992,72,0.06599849,0.05505356,0.06016574
404,1992,73,0.07087866,0.05919342,0.06466773
404,1992,74,0.07642598,0.0639535,0.0698367
404,1992,75,0.0824721,0.06917919,0.07550103
404,1992,76,0.08859657,0.07411476,0.08103503
404,1992,77,0.09511432,0.07935535,0.08688238
404,1992,78,0.1032559,0.08625335,0.09434811
404,1992,79,0.11072997,0.09204964,0.10088659
404,1992,80,0.1203922,0.10031429,0.10973156
404,1992,81,0.1290238,0.1070159,0.11727306
404,1992,82,0.14258404,0.11960708,0.13025659
404,1992,83,0.1550376,0.13078729,0.14194069
404,1992,84,0.16962055,0.1439913,0.15572744
404,1992,85,0.18279416,0.15653061,0.16857868
404,1992,86,0.1980377,0.17014221,0.18291067
404,1992,87,0.21311726,0.18359982,0.19692933
404,1992,88,0.22965569,0.19886045,0.21251485
404,1992,89,0.24582487,0.21334542,0.2274892
404,1992,90,0.26572982,0.23386216,0.24744334
404,1992,91,0.28083394,0.24607345,0.26051879
404,1992,92,0.30281921,0.26756966,0.28183381
404,1992,93,0.32326259,0.28693888,0.30123175
404,1992,94,0.34523712,0.30834713,0.32259002
404,1992,95,0.36909731,0.33181876,0.34606787
404,1992,96,0.39109537,0.35352588,0.36756159
404,1992,97,0.41252229,0.37483756,0.38790407
404,1992,98,0.43341861,0.39616469,0.40641492
404,1992,99,0.46013295,0.42472561,0.43364731
404,1992,100,0.51514358,0.48553895,0.4918986
404,1993,0,0.08023906,0.06736522,0.07382944
404,1993,1,0.01789063,0.01670756,0.01730048
404,1993,2,0.01109234,0.01021416,0.01065398
404,1993,3,0.00751981,0.00684385,0.0071822
404,1993,4,0.0052327,0.00472586,0.00497948
404,1993,5,0.00388803,0.0035049,0.00369661
404,1993,6,0.00319742,0.00285656,0.00302711
404,1993,7,0.00270822,0.00242247,0.00256544
404,1993,8,0.00236432,0.00212041,0.00224244
404,1993,9,0.00213446,0.001932,0.00203332
404,1993,10,0.00199267,0.00182979,0.00191133
404,1993,11,0.00191575,0.00178365,0.00184979
404,1993,12,0.00192947,0.00181003,0.00186983
404,1993,13,0.00200355,0.0018906,0.00194715
404,1993,14,0.00214772,0.00203151,0.00208969
404,1993,15,0.00234274,0.00222014,0.00228151
404,1993,16,0.00260449,0.00243319,0.00251895
404,1993,17,0.00292455,0.00265375,0.00278931
404,1993,18,0.00324887,0.00290328,0.00307625
404,1993,19,0.00358588,0.00313601,0.00336114
404,1993,20,0.003932,0.00338685,0.00365965
404,1993,21,0.00424554,0.00361539,0.00393064
404,1993,22,0.00452338,0.00387581,0.00419963
404,1993,23,0.00474668,0.00412508,0.00443578
404,1993,24,0.00494129,0.00437618,0.00465852
404,1993,25,0.00511619,0.00463409,0.00487487
404,1993,26,0.00528152,0.00488177,0.00508136
404,1993,27,0.00546822,0.00511812,0.00529287
404,1993,28,0.00567231,0.00535529,0.00551346
404,1993,29,0.00587909,0.00556078,0.00571952
404,1993,30,0.00617138,0.00582111,0.00599571
404,1993,31,0.00636887,0.00598359,0.00617558
404,1993,32,0.00672293,0.00627476,0.006498
404,1993,33,0.00703489,0.00652279,0.00677774
404,1993,34,0.00737137,0.00679781,0.00708321
404,1993,35,0.00777689,0.00709504,0.00743411
404,1993,36,0.00814079,0.00737358,0.00775477
404,1993,37,0.00851742,0.00763715,0.00807408
404,1993,38,0.00893768,0.00796756,0.00844847
404,1993,39,0.00931422,0.00821957,0.00876139
404,1993,40,0.00983949,0.00857734,0.00920113
404,1993,41,0.01012312,0.00873955,0.00942221
404,1993,42,0.01069479,0.00910553,0.00988819
404,1993,43,0.01108578,0.00932161,0.01022681
404,1993,44,0.01160739,0.00962021,0.01067318
404,1993,45,0.01222892,0.00998909,0.01116558
404,1993,46,0.01273194,0.0103228,0.01156404
404,1993,47,0.01339724,0.01072708,0.01206449
404,1993,48,0.01420274,0.01130283,0.01271353
404,1993,49,0.0149848,0.01186424,0.01333816
404,1993,50,0.01603413,0.01265671,0.01420206
404,1993,51,0.0166744,0.01313319,0.01469747
404,1993,52,0.01778129,0.0139925,0.0156107
404,1993,53,0.01863093,0.01463379,0.01629602
404,1993,54,0.0196178,0.01542475,0.01713674
404,1993,55,0.0206312,0.01622399,0.0180082
404,1993,56,0.02174454,0.0171462,0.0190099
404,1993,57,0.02294129,0.01809984,0.02007265
404,1993,58,0.02455102,0.01942886,0.0215301
404,1993,59,0.02622445,0.02079492,0.02303764
404,1993,60,0.02860212,0.02278624,0.02520923
404,1993,61,0.030278,0.02417234,0.02674746
404,1993,62,0.03296737,0.02648151,0.02924802
404,1993,63,0.03542623,0.02865892,0.0315696
404,1993,64,0.0381091,0.03109713,0.03414193
404,1993,65,0.04107758,0.03386099,0.03704028
404,1993,66,0.04331699,0.03584081,0.03919812
404,1993,67,0.04612365,0.03827326,0.04185196
404,1993,68,0.04932647,0.04115931,0.04490306
404,1993,69,0.05260819,0.04398947,0.04793889
404,1993,70,0.05732385,0.04830685,0.05244116
404,1993,71,0.06053353,0.05089617,0.05534108
404,1993,72,0.06608042,0.05570907,0.06051785
404,1993,73,0.07090627,0.05974319,0.06492488
404,1993,74,0.0763905,0.06437869,0.06996876
404,1993,75,0.08236539,0.06945595,0.07550254
404,1993,76,0.08841428,0.07423498,0.08092772
404,1993,77,0.0948486,0.07929356,0.08666591
404,1993,78,0.10289387,0.08598116,0.09398731
404,1993,79,0.11027439,0.09155569,0.10038033
404,1993,80,0.11982442,0.09957428,0.10905122
404,1993,81,0.12844752,0.10625944,0.11654406
404,1993,82,0.14195099,0.11879532,0.12945077
404,1993,83,0.1543688,0.12993833,0.14110906
404,1993,84,0.16890247,0.14309528,0.15479335
404,1993,85,0.18205501,0.15559841,0.1675293
404,1993,86,0.19727678,0.16919331,0.18186969
404,1993,87,0.21233938,0.18261583,0.19598809
404,1993,88,0.2288491,0.19783712,0.21158049
404,1993,89,0.24501749,0.21230876,0.22651611
404,1993,90,0.26488738,0.23276599,0.24645028
404,1993,91,0.28004458,0.24498199,0.25956341
404,1993,92,0.30202456,0.26644642,0.28081882
404,1993,93,0.32249644,0.28580562,0.30017101
404,1993,94,0.34450193,0.30719889,0.32129186
404,1993,95,0.36835978,0.3306573,0.34446079
404,1993,96,0.39043548,0.35236078,0.36594082
404,1993,97,0.41196438,0.37366812,0.38654735
404,1993,98,0.43308525,0.39486998,0.40582031
404,1993,99,0.46020916,0.42314402,0.42933636
404,1993,100,0.51574457,0.48367894,0.49023895
404,1994,0,0.08076613,0.06771326,0.07426777
404,1994,1,0.01806806,0.01682938,0.01745025
404,1994,2,0.01122774,0.01030926,0.01076933
404,1994,3,0.00761022,0.00689311,0.00725212
404,1994,4,0.00529841,0.00475415,0.00502649
404,1994,5,0.00393375,0.00352248,0.00372823
404,1994,6,0.00323732,0.00287697,0.00305725
404,1994,7,0.00274456,0.00245078,0.00259776
404,1994,8,0.00239665,0.00215307,0.00227492
404,1994,9,0.00216362,0.00196974,0.00206673
404,1994,10,0.00202141,0.00187053,0.00194603
404,1994,11,0.00194587,0.00182592,0.00188596
404,1994,12,0.00196087,0.00185867,0.00190983
404,1994,13,0.00203656,0.0019508,0.00199373
404,1994,14,0.00218412,0.00210633,0.00214527
404,1994,15,0.00238427,0.00231554,0.00234995
404,1994,16,0.00265009,0.00254448,0.00259735
404,1994,17,0.00297861,0.0027902,0.00288453
404,1994,18,0.00331136,0.00306836,0.00319001
404,1994,19,0.00365588,0.00332984,0.00349302
404,1994,20,0.00401188,0.00361413,0.00381317
404,1994,21,0.00433563,0.00386879,0.00410238
404,1994,22,0.00462544,0.00416834,0.00439699
404,1994,23,0.00486102,0.00445589,0.00465846
404,1994,24,0.00506721,0.00474568,0.00490637
404,1994,25,0.00525454,0.00504612,0.00515025
404,1994,26,0.00543001,0.00533624,0.00538307
404,1994,27,0.00562891,0.00561263,0.00562076
404,1994,28,0.0058443,0.00588203,0.0058632
404,1994,29,0.00606254,0.00612499,0.00609383
404,1994,30,0.00636937,0.00641358,0.00639153
404,1994,31,0.00657728,0.00660311,0.00659024
404,1994,32,0.00694423,0.00692616,0.00693517
404,1994,33,0.00726837,0.00720241,0.00723526
404,1994,34,0.00761828,0.0075088,0.00756329
404,1994,35,0.0080374,0.00784253,0.00793947
404,1994,36,0.00841304,0.00814493,0.00827821
404,1994,37,0.00880115,0.00843299,0.00861584
404,1994,38,0.00923059,0.00878072,0.00900391
404,1994,39,0.0096159,0.0090497,0.00933021
404,1994,40,0.01015173,0.00941796,0.00978091
404,1994,41,0.01043923,0.00959669,0.01001277
404,1994,42,0.01101705,0.00995878,0.01048047
404,1994,43,0.01141332,0.01018771,0.01079066
404,1994,44,0.01194106,0.01049853,0.01123804
404,1994,45,0.01256927,0.01088229,0.01177544
404,1994,46,0.01307719,0.01123336,0.01220088
404,1994,47,0.01374822,0.01165603,0.01273266
404,1994,48,0.01456118,0.01225016,0.01340596
404,1994,49,0.01534871,0.01283589,0.01405614
404,1994,50,0.01640756,0.01364188,0.01494551
404,1994,51,0.01704929,0.01414553,0.01547106
404,1994,52,0.01815896,0.01500991,0.01639734
404,1994,53,0.01900829,0.01566989,0.01709162
404,1994,54,0.01999581,0.01647646,0.01793545
404,1994,55,0.02101391,0.01730112,0.01881205
404,1994,56,0.02212448,0.01824336,0.01980927
404,1994,57,0.02332493,0.01922723,0.02088228
404,1994,58,0.02494,0.02057627,0.02234814
404,1994,59,0.02662501,0.02198064,0.02387895
404,1994,60,0.02902207,0.02397889,0.02605414
404,1994,61,0.03070967,0.02543851,0.02762595
404,1994,62,0.03341096,0.02776912,0.03013902
404,1994,63,0.03588152,0.03000538,0.03250142
404,1994,64,0.03857708,0.03250476,0.03510546
404,1994,65,0.04155533,0.0353344,0.03802411
404,1994,66,0.04376751,0.0372957,0.04013449
404,1994,67,0.04653336,0.03968016,0.04274409
404,1994,68,0.04969298,0.04249737,0.04576264
404,1994,69,0.05293234,0.04528162,0.04877204
404,1994,70,0.05759895,0.04945856,0.05317025
404,1994,71,0.06076038,0.05201516,0.05600371
404,1994,72,0.06623802,0.05667575,0.06106125
404,1994,73,0.07099792,0.06059371,0.06538864
404,1994,74,0.07640538,0.06507935,0.07030266
404,1994,75,0.08229642,0.06997805,0.07567089
404,1994,76,0.08825553,0.07457327,0.08093348
404,1994,77,0.09459283,0.07941518,0.08652015
404,1994,78,0.10252214,0.08582765,0.09366871
404,1994,79,0.10978776,0.09111805,0.09986811
404,1994,80,0.11920082,0.09880258,0.10831372
404,1994,81,0.12780626,0.10546499,0.11579466
404,1994,82,0.14124362,0.11793912,0.12860024
404,1994,83,0.15361481,0.12903703,0.1401892
404,1994,84,0.16808564,0.1421367,0.15382426
404,1994,85,0.18120091,0.15459143,0.16646176
404,1994,86,0.19638253,0.16815571,0.18067058
404,1994,87,0.21140787,0.18152836,0.19476952
404,1994,88,0.22786782,0.19669503,0.21044201
404,1994,89,0.2440122,0.21113657,0.22539243
404,1994,90,0.26381882,0.23151474,0.24521878
404,1994,91,0.27899219,0.2437108,0.25834763
404,1994,92,0.30091874,0.26511246,0.27954335
404,1994,93,0.32133264,0.28441904,0.29879226
404,1994,94,0.34321889,0.30573574,0.31973667
404,1994,95,0.36685942,0.32909482,0.34244095
404,1994,96,0.38873142,0.35067853,0.36333482
404,1994,97,0.41001364,0.37182986,0.38336747
404,1994,98,0.43063312,0.39247476,0.40250932
404,1994,99,0.45684281,0.41957894,0.43129584
404,1994,100,0.51149079,0.47887665,0.48691224
404,1995,0,0.08078305,0.06764031,0.07424012
404,1995,1,0.01807716,0.016802,0.01744118
404,1995,2,0.01123229,0.01031019,0.01077212
404,1995,3,0.00761334,0.00688303,0.00724869
404,1995,4,0.00530044,0.00474269,0.00502183
404,1995,5,0.0039354,0.00351079,0.00372321
404,1995,6,0.00323854,0.00287051,0.00305459
404,1995,7,0.00274543,0.00245261,0.00259907
404,1995,8,0.00239733,0.00215918,0.00227831
404,1995,9,0.00216419,0.00197999,0.00207213
404,1995,10,0.00202184,0.00188288,0.00195239
404,1995,11,0.00194611,0.00183943,0.00189281
404,1995,12,0.00196103,0.00187642,0.00191877
404,1995,13,0.00203668,0.00197604,0.0020064
404,1995,14,0.00218421,0.00214028,0.00216227
404,1995,15,0.00238431,0.00236256,0.00237345
404,1995,16,0.00265014,0.00260108,0.00262564
404,1995,17,0.00297853,0.00286368,0.00292118
404,1995,18,0.00331119,0.00316017,0.00323577
404,1995,19,0.00365575,0.00344133,0.00354867
404,1995,20,0.00401173,0.00374873,0.00388035
404,1995,21,0.00433535,0.00402105,0.00417832
404,1995,22,0.00462485,0.00434794,0.00448649
404,1995,23,0.00486003,0.0046631,0.0047616
404,1995,24,0.0050658,0.00498106,0.00502343
404,1995,25,0.00525265,0.00531195,0.00528231
404,1995,26,0.00542771,0.00563343,0.00553065
404,1995,27,0.00562612,0.00594004,0.00578324
404,1995,28,0.00584103,0.00623327,0.0060374
404,1995,29,0.00605875,0.00650438,0.00628192
404,1995,30,0.00636498,0.00681365,0.00658976
404,1995,31,0.0065724,0.00702327,0.00679841
404,1995,32,0.00693884,0.00737017,0.00715516
404,1995,33,0.00726247,0.00766746,0.00746567
404,1995,34,0.00761181,0.00799737,0.00780535
404,1995,35,0.00803038,0.008359,0.00819544
404,1995,36,0.00840553,0.00867904,0.00854299
404,1995,37,0.0087931,0.00898531,0.00888977
404,1995,38,0.00922211,0.0093455,0.00928423
404,1995,39,0.00960699,0.00962671,0.00961693
404,1995,40,0.01014232,0.01000267,0.01007184
404,1995,41,0.01042954,0.01019342,0.01031016
404,1995,42,0.01100704,0.01055255,0.01077688
404,1995,43,0.01140296,0.01079152,0.01109275
404,1995,44,0.01193035,0.01111177,0.01151419
404,1995,45,0.01255818,0.01150743,0.01204572
404,1995,46,0.01306577,0.01187114,0.01250319
404,1995,47,0.01373646,0.01230769,0.01305681
404,1995,48,0.01454904,0.01291484,0.01375495
404,1995,49,0.01533624,0.013517,0.01442576
404,1995,50,0.01639461,0.01433194,0.01533218
404,1995,51,0.01703615,0.01485311,0.01588043
404,1995,52,0.01814563,0.01572036,0.01682543
404,1995,53,0.01899481,0.01639266,0.01753675
404,1995,54,0.01998218,0.01720955,0.01838763
404,1995,55,0.02099995,0.01805158,0.01927084
404,1995,56,0.02211048,0.01900744,0.02026693
404,1995,57,0.02331062,0.0200116,0.02133901
404,1995,58,0.02492537,0.02137302,0.02280374
404,1995,59,0.02660986,0.0228011,0.02434307
404,1995,60,0.02900605,0.02480336,0.02651581
404,1995,61,0.0306931,0.02631107,0.02810842
404,1995,62,0.03339386,0.0286549,0.03061486
404,1995,63,0.03586392,0.0309287,0.03299455
404,1995,64,0.03855897,0.03346767,0.03562265
404,1995,65,0.0415368,0.03634005,0.03855773
404,1995,66,0.04373596,0.03828016,0.04063037
404,1995,67,0.04648749,0.0406243,0.04318634
404,1995,68,0.04963047,0.0433864,0.046167
404,1995,69,0.05285104,0.04612746,0.049166
404,1995,70,0.05749091,0.05019953,0.05351153
404,1995,71,0.06063052,0.05272122,0.05631071
404,1995,72,0.06607353,0.05726371,0.06126138
404,1995,73,0.07079944,0.06108498,0.06551569
404,1995,74,0.0761665,0.06545074,0.07035968
404,1995,75,0.08201065,0.07020702,0.07561504
404,1995,76,0.08792436,0.07465958,0.08074567
404,1995,77,0.09420959,0.07933425,0.08619388
404,1995,78,0.10207727,0.08554242,0.0932146
404,1995,79,0.10928649,0.09062545,0.09930467
404,1995,80,0.11862639,0.09807219,0.10760126
404,1995,81,0.12722143,0.10471798,0.11508596
404,1995,82,0.14060062,0.11713708,0.12784678
404,1995,83,0.15293393,0.12819759,0.13935917
404,1995,84,0.1673528,0.14124988,0.15292077
404,1995,85,0.18044336,0.15366781,0.16554073
404,1995,86,0.19559908,0.16721427,0.17966758
404,1995,87,0.21060297,0.18055121,0.19363687
404,1995,88,0.22702984,0.195678,0.20930768
404,1995,89,0.24316846,0.21010529,0.22439011
404,1995,90,0.26293446,0.23042365,0.2442148
404,1995,91,0.2781528,0.24262338,0.25733455
404,1995,92,0.30006421,0.2639925,0.27854561
404,1995,93,0.32048877,0.28328877,0.29780033
404,1995,94,0.34237521,0.30459189,0.31875341
404,1995,95,0.36596967,0.32794117,0.34145946
404,1995,96,0.38786133,0.34952708,0.36209143
404,1995,97,0.40917346,0.37068277,0.38189692
404,1995,98,0.429863,0.3914117,0.4000459
404,1995,99,0.45619678,0.41877922,0.422878
404,1995,100,0.51106266,0.47847463,0.48864883
404,1996,0,0.08022561,0.06708593,0.07368262
404,1996,1,0.01785756,0.01657623,0.01721845
404,1996,2,0.01110447,0.01019415,0.0106502
404,1996,3,0.00752946,0.00679065,0.00716061
404,1996,4,0.00524596,0.00467386,0.00496022
404,1996,5,0.00389578,0.00345594,0.00367601
404,1996,6,0.00320779,0.00283032,0.00301912
404,1996,7,0.00272142,0.00242887,0.00257517
404,1996,8,0.00237737,0.00214475,0.00226109
404,1996,9,0.00214674,0.00197344,0.00206012
404,1996,10,0.00200646,0.00188041,0.00194346
404,1996,11,0.00193278,0.00183913,0.00188598
404,1996,12,0.00194841,0.00188204,0.00191525
404,1996,13,0.00202472,0.00199194,0.00200834
404,1996,14,0.00217333,0.00216773,0.00217053
404,1996,15,0.00237507,0.0024077,0.00239136
404,1996,16,0.00264206,0.00265853,0.00265028
404,1996,17,0.00297201,0.00294407,0.00295806
404,1996,18,0.00330657,0.00326548,0.00328605
404,1996,19,0.0036517,0.00357366,0.00361273
404,1996,20,0.00400837,0.00391304,0.00396077
404,1996,21,0.00433288,0.00420919,0.0042711
404,1996,22,0.00462341,0.00457458,0.00459902
404,1996,23,0.0048598,0.00492901,0.00489438
404,1996,24,0.00506704,0.00528732,0.00517712
404,1996,25,0.00525601,0.00566218,0.00545906
404,1996,26,0.00543291,0.00602964,0.00573131
404,1996,27,0.0056336,0.00638081,0.00600735
404,1996,28,0.00585038,0.00670851,0.00627973
404,1996,29,0.00606981,0.00702206,0.00654637
404,1996,30,0.00637757,0.00736071,0.00686973
404,1996,31,0.0065867,0.00760049,0.00709443
404,1996,32,0.00695459,0.00798179,0.00746932
404,1996,33,0.00728036,0.00830971,0.00779644
404,1996,34,0.00763235,0.00867386,0.00815476
404,1996,35,0.00805311,0.00907685,0.00856688
404,1996,36,0.00843044,0.00942186,0.0089283
404,1996,37,0.00882078,0.00975443,0.00928994
404,1996,38,0.00925168,0.01013077,0.00969378
404,1996,39,0.00963878,0.01042934,0.01003677
404,1996,40,0.010176,0.01081357,0.01049736
404,1996,41,0.01046549,0.01102319,0.01074702
404,1996,42,0.01104411,0.01137382,0.01121084
404,1996,43,0.0114428,0.01162785,0.01153654
404,1996,44,0.01197243,0.01196083,0.01196655
404,1996,45,0.01260269,0.01237245,0.01248556
404,1996,46,0.01311327,0.01275383,0.01293788
404,1996,47,0.0137863,0.01320935,0.01351447
404,1996,48,0.01460077,0.0138316,0.01423464
404,1996,49,0.01539008,0.01445473,0.01493519
404,1996,50,0.01645048,0.01527584,0.01586199
404,1996,51,0.01709428,0.01582099,0.01643764
404,1996,52,0.0182044,0.01668486,0.01739883
404,1996,53,0.01905566,0.01737136,0.0181374
404,1996,54,0.02004494,0.01819794,0.01900832
404,1996,55,0.02106604,0.01906086,0.01991088
404,1996,56,0.02217807,0.02003096,0.02091663
404,1996,57,0.02338132,0.02105964,0.02199945
404,1996,58,0.02499765,0.02242971,0.02346006
404,1996,59,0.02668483,0.023884,0.02500877
404,1996,60,0.02908395,0.02587674,0.02717125
404,1996,61,0.03077448,0.02744908,0.02879983
404,1996,62,0.03347604,0.02979636,0.03130078
404,1996,63,0.03594756,0.0321124,0.03369332
404,1996,64,0.03864423,0.03469528,0.03634278
404,1996,65,0.04162305,0.03761455,0.03930556
404,1996,66,0.04380687,0.03953285,0.04135056
404,1996,67,0.04653905,0.04182734,0.04384978
404,1996,68,0.04965984,0.04451915,0.04675708
404,1996,69,0.05285725,0.04721317,0.04971676
404,1996,70,0.05746305,0.0511456,0.05398875
404,1996,71,0.06057828,0.05364303,0.05677925
404,1996,72,0.06597691,0.05803795,0.06162332
404,1996,73,0.07066182,0.06175113,0.06577271
404,1996,74,0.0759801,0.06597949,0.07051363
404,1996,75,0.0817693,0.07057237,0.07566828
404,1996,76,0.08762997,0.07486519,0.08067107
404,1996,77,0.09385635,0.07935264,0.08595293
404,1996,78,0.1016555,0.08532677,0.09278837
404,1996,79,0.10880299,0.09017677,0.09873197
404,1996,80,0.1180651,0.09735267,0.10687739
404,1996,81,0.12665124,0.10398276,0.1143613
404,1996,82,0.13997411,0.11634804,0.12708753
404,1996,83,0.15227149,0.12737236,0.13857476
404,1996,84,0.16664094,0.14037882,0.1520454
404,1996,85,0.17970962,0.15276172,0.16461163
404,1996,86,0.19484275,0.16629225,0.17872967
404,1996,87,0.20982894,0.1795959,0.19260425
404,1996,88,0.22622693,0.19468569,0.20813229
404,1996,89,0.24236455,0.20910216,0.2232293
404,1996,90,0.26209617,0.22936523,0.24315137
404,1996,91,0.27736722,0.24157382,0.25633105
404,1996,92,0.29927391,0.26291681,0.27746696
404,1996,93,0.31972804,0.28221063,0.29674891
404,1996,94,0.34164818,0.30351082,0.31762314
404,1996,95,0.36524507,0.32686482,0.34022867
404,1996,96,0.38721977,0.34847251,0.36074961
404,1996,97,0.40864057,0.36965841,0.37977381
404,1996,98,0.42956965,0.39051541,0.39922395
404,1996,99,0.45634133,0.41821603,0.42742482
404,1996,100,0.51176255,0.47837176,0.48673977
404,1997,0,0.07915453,0.06611314,0.07266053
404,1997,1,0.01744069,0.01619186,0.01681769
404,1997,2,0.01088139,0.0099694,0.01042625
404,1997,3,0.007387,0.00664271,0.00701543
404,1997,4,0.00515941,0.00457901,0.00486955
404,1997,5,0.00383267,0.00338928,0.00361116
404,1997,6,0.00316142,0.00278019,0.00297089
404,1997,7,0.00268855,0.00239229,0.00254044
404,1997,8,0.0023518,0.00211683,0.00223432
404,1997,9,0.00212514,0.00195158,0.00203837
404,1997,10,0.00198909,0.00186176,0.00192544
404,1997,11,0.0019207,0.00182216,0.00187145
404,1997,12,0.00193846,0.00186747,0.00190298
404,1997,13,0.00201735,0.00198141,0.0019994
404,1997,14,0.00217065,0.0021611,0.00216588
404,1997,15,0.00237949,0.00240729,0.00239337
404,1997,16,0.00265193,0.00266152,0.00265672
404,1997,17,0.00299056,0.00295422,0.00297242
404,1997,18,0.00333496,0.0032835,0.00330927
404,1997,19,0.00368719,0.00360015,0.00364373
404,1997,20,0.0040528,0.00394944,0.0040012
404,1997,21,0.00438693,0.0042516,0.00431936
404,1997,22,0.00468758,0.00462885,0.00465825
404,1997,23,0.00493411,0.00499543,0.00496474
404,1997,24,0.00515193,0.00536641,0.00525906
404,1997,25,0.00535349,0.00575551,0.00555433
404,1997,26,0.0055413,0.00613897,0.00583996
404,1997,27,0.00575477,0.00650611,0.00613032
404,1997,28,0.00598318,0.00684554,0.00641433
404,1997,29,0.00621412,0.00717644,0.00669536
404,1997,30,0.00653467,0.00752508,0.00703008
404,1997,31,0.00675476,0.00777736,0.00726642
404,1997,32,0.00713402,0.0081716,0.00765342
404,1997,33,0.00747238,0.00851162,0.0079929
404,1997,34,0.007839,0.00888921,0.00836531
404,1997,35,0.00827362,0.00930963,0.00879306
404,1997,36,0.00866363,0.00966482,0.00916589
404,1997,37,0.00906826,0.01000896,0.0095405
404,1997,38,0.00950995,0.01039192,0.00995302
404,1997,39,0.00990846,0.0106999,0.0103064
404,1997,40,0.01045763,0.0110872,0.01077453
404,1997,41,0.01075613,0.01130964,0.01103511
404,1997,42,0.01134222,0.0116568,0.01150103
404,1997,43,0.01175192,0.01192145,0.01183767
404,1997,44,0.01229218,0.01226215,0.01227696
404,1997,45,0.01293391,0.01268277,0.01280638
404,1997,46,0.0134563,0.01307452,0.01326198
404,1997,47,0.0141398,0.01354088,0.01384742
404,1997,48,0.01496435,0.01416921,0.01458956
404,1997,49,0.01576297,0.01480202,0.0153053
404,1997,50,0.01683515,0.01562257,0.016245
404,1997,51,0.01748611,0.01618002,0.01683115
404,1997,52,0.01860083,0.01703971,0.01779486
404,1997,53,0.01945893,0.01773262,0.01854257
404,1997,54,0.02045579,0.01856244,0.01942209
404,1997,55,0.02149064,0.01943412,0.02033466
404,1997,56,0.02260833,0.02040983,0.02133977
404,1997,57,0.02382448,0.02144889,0.02242648
404,1997,58,0.02545125,0.02281813,0.02388128
404,1997,59,0.02715418,0.02427987,0.02543004
404,1997,60,0.02957572,0.02625773,0.02758642
404,1997,61,0.03128406,0.02785764,0.02923657
404,1997,62,0.03399859,0.03019657,0.03173626
404,1997,63,0.03648374,0.03252418,0.03413797
404,1997,64,0.0391954,0.03511896,0.03679404
404,1997,65,0.04218638,0.03805102,0.03977087
404,1997,66,0.04434455,0.03995424,0.04180043
404,1997,67,0.04703723,0.04222008,0.04426197
404,1997,68,0.05011338,0.04487055,0.04711299
404,1997,69,0.05326664,0.04753642,0.05002162
404,1997,70,0.05781539,0.05138694,0.05422706
404,1997,71,0.06088584,0.05387033,0.05701408
404,1997,72,0.06620813,0.05817982,0.06179325
404,1997,73,0.07082055,0.06182947,0.06586865
404,1997,74,0.0760499,0.06597827,0.07049716
404,1997,75,0.08174232,0.07047629,0.07555107
404,1997,76,0.0875066,0.07468255,0.08047688
404,1997,77,0.09363614,0.07906637,0.08563916
404,1997,78,0.10132918,0.08491376,0.09231535
404,1997,79,0.1083783,0.08964261,0.0981157
404,1997,80,0.11752594,0.09667903,0.10614411
404,1997,81,0.12610553,0.10329965,0.11365417
404,1997,82,0.13937503,0.11561801,0.12634689
404,1997,83,0.1516395,0.12661361,0.13782524
404,1997,84,0.16596326,0.13958352,0.15126764
404,1997,85,0.17901422,0.15194235,0.16376765
404,1997,86,0.19412968,0.16546946,0.17784674
404,1997,87,0.20910388,0.17875453,0.19171813
404,1997,88,0.22547982,0.1938248,0.20715338
404,1997,89,0.24162461,0.20825169,0.22214552
404,1997,90,0.26133269,0.22848613,0.24207765
404,1997,91,0.27666971,0.24073548,0.25543229
404,1997,92,0.29858936,0.2620912,0.27663998
404,1997,93,0.31910341,0.28143077,0.29589529
404,1997,94,0.34110977,0.30279299,0.31687273
404,1997,95,0.36478521,0.32624089,0.33947969
404,1997,96,0.38694302,0.34799121,0.3599032
404,1997,97,0.40859813,0.36936743,0.3788678
404,1997,98,0.43005934,0.39091659,0.39686233
404,1997,99,0.45782874,0.42017346,0.4249887
404,1997,100,0.51441701,0.48215377,0.49159899
404,1998,0,0.07752604,0.06467618,0.0711282
404,1998,1,0.01683562,0.01565276,0.01624551
404,1998,2,0.010546,0.00965252,0.01010004
404,1998,3,0.00717287,0.00643861,0.00680628
404,1998,4,0.00502549,0.00444828,0.00473724
404,1998,5,0.00373617,0.00329746,0.00351701
404,1998,6,0.00308774,0.00270862,0.0028983
404,1998,7,0.00263295,0.00233571,0.00248437
404,1998,8,0.00230683,0.00207021,0.00218852
404,1998,9,0.00208638,0.00191128,0.00199883
404,1998,10,0.00195585,0.00182466,0.00189026
404,1998,11,0.00189358,0.00178662,0.00184011
404,1998,12,0.00191356,0.00183296,0.00187327
404,1998,13,0.00199453,0.00194846,0.0019715
404,1998,14,0.00215107,0.00212866,0.00213987
404,1998,15,0.00236493,0.00237635,0.00237063
404,1998,16,0.00264039,0.00262986,0.00263513
404,1998,17,0.00298423,0.00292376,0.00295405
404,1998,18,0.00333403,0.00325428,0.00329422
404,1998,19,0.00368635,0.00357263,0.00362958
404,1998,20,0.00405311,0.00392398,0.00398865
404,1998,21,0.00439031,0.00422571,0.00430815
404,1998,22,0.00469702,0.00460577,0.00465147
404,1998,23,0.00495167,0.00497554,0.00496359
404,1998,24,0.00517831,0.00535012,0.00526411
404,1998,25,0.00539093,0.00574364,0.00556705
404,1998,26,0.00558832,0.00613336,0.0058605
404,1998,27,0.00581295,0.0065072,0.00615972
404,1998,28,0.00605148,0.00685065,0.00645074
404,1998,29,0.00629287,0.00719061,0.00674148
404,1998,30,0.00662443,0.00754233,0.00708322
404,1998,31,0.00685492,0.00780111,0.00732798
404,1998,32,0.00724368,0.00820069,0.00772229
404,1998,33,0.00759341,0.00854621,0.00807015
404,1998,34,0.00797382,0.00892989,0.00845248
404,1998,35,0.00842102,0.00935946,0.00889112
404,1998,36,0.00882299,0.00971917,0.00927215
404,1998,37,0.00924147,0.01006932,0.00965664
404,1998,38,0.00969322,0.01045447,0.01007527
404,1998,39,0.01010288,0.01076817,0.01043703
404,1998,40,0.01066268,0.01115528,0.01091033
404,1998,41,0.01097125,0.01138786,0.01118095
404,1998,42,0.01156396,0.01173134,0.01164833
404,1998,43,0.01198555,0.01200454,0.01199514
404,1998,44,0.01253622,0.01235043,0.01244222
404,1998,45,0.01318907,0.01277678,0.01298005
404,1998,46,0.01372407,0.0131755,0.01344535
404,1998,47,0.01441813,0.01364873,0.01402625
404,1998,48,0.01525204,0.01427793,0.01477622
404,1998,49,0.01606007,0.01491441,0.01551977
404,1998,50,0.01714267,0.01572863,0.01646872
404,1998,51,0.01780244,0.0162925,0.0170669
404,1998,52,0.01892127,0.01714356,0.01802885
404,1998,53,0.01978765,0.01783749,0.01877955
404,1998,54,0.02079247,0.01866485,0.01966148
404,1998,55,0.02184126,0.01953799,0.02058182
404,1998,56,0.02296507,0.02051244,0.02158418
404,1998,57,0.02419459,0.02155332,0.02266795
404,1998,58,0.02583067,0.02291263,0.02411036
404,1998,59,0.02754819,0.02436995,0.02564963
404,1998,60,0.02998822,0.02632208,0.02778471
404,1998,61,0.03171394,0.02793278,0.02944222
404,1998,62,0.03443739,0.03024911,0.03192925
404,1998,63,0.03693307,0.03256931,0.03433062
404,1998,64,0.03965626,0.03515544,0.03698366
404,1998,65,0.04265574,0.03807764,0.03995251
404,1998,66,0.04479108,0.03996834,0.04196725
404,1998,67,0.04744746,0.04221188,0.04440575
404,1998,68,0.05048175,0.04483005,0.04721674
404,1998,69,0.0535944,0.04747635,0.05008277
404,1998,70,0.05808607,0.05126243,0.05420928
404,1998,71,0.06111831,0.05374339,0.05698698
404,1998,72,0.06636679,0.05798951,0.06172519
404,1998,73,0.07091171,0.06159697,0.06576674
404,1998,74,0.07605738,0.06569294,0.07032127
404,1998,75,0.0816591,0.07012862,0.07526778
404,1998,76,0.08733601,0.07428719,0.08012169
404,1998,77,0.09337921,0.07861374,0.08523004
404,1998,78,0.1009786,0.08439242,0.0918052
404,1998,79,0.10794368,0.0890662,0.09748858
404,1998,80,0.11699245,0.09604055,0.10540443
404,1998,81,0.12556569,0.10265606,0.11292331
404,1998,82,0.13878225,0.11493228,0.12561113
404,1998,83,0.15101386,0.12590429,0.1370781
404,1998,84,0.16529181,0.13884398,0.1505076
404,1998,85,0.17832469,0.15118627,0.16300672
404,1998,86,0.19342217,0.16471865,0.17703286
404,1998,87,0.20838432,0.17799556,0.19086208
404,1998,88,0.22473888,0.19305899,0.20630293
404,1998,89,0.2408923,0.20751221,0.22123425
404,1998,90,0.26057922,0.22773824,0.24105381
404,1998,91,0.27598481,0.24005295,0.25448977
404,1998,92,0.29792074,0.26145142,0.27585629
404,1998,93,0.31849752,0.28087434,0.29524834
404,1998,94,0.34059293,0.30235035,0.31623692
404,1998,95,0.36435167,0.3259648,0.33902559
404,1998,96,0.38670056,0.34795815,0.35968145
404,1998,97,0.40860314,0.36965962,0.37865155
404,1998,98,0.43069089,0.39260312,0.39925027
404,1998,99,0.45968679,0.42506134,0.42931243
404,1998,100,0.51771906,0.49076677,0.494268
404,1999,0,0.07520559,0.0626569,0.06895834
404,1999,1,0.01593003,0.01482809,0.01538038
404,1999,2,0.01000058,0.00913571,0.00956889
404,1999,3,0.00680487,0.00608465,0.00644524
404,1999,4,0.00477533,0.00420311,0.00448955
404,1999,5,0.00355026,0.00311468,0.00333268
404,1999,6,0.00294026,0.0025614,0.00275096
404,1999,7,0.00251391,0.00221364,0.00236384
404,1999,8,0.00220577,0.00196513,0.00208547
404,1999,9,0.00199742,0.00181808,0.00190774
404,1999,10,0.00187648,0.0017387,0.00180758
404,1999,11,0.00182268,0.00170476,0.00176372
404,1999,12,0.00184548,0.0017532,0.00179935
404,1999,13,0.00192761,0.0018707,0.00189916
404,1999,14,0.00208519,0.00205172,0.00206846
404,1999,15,0.00230105,0.00230141,0.00230123
404,1999,16,0.00257658,0.00255424,0.00256542
404,1999,17,0.00292167,0.00284958,0.00288568
404,1999,18,0.00327391,0.0031809,0.00322748
404,1999,19,0.00362311,0.00349928,0.0035613
404,1999,20,0.00398705,0.00385042,0.00391885
404,1999,21,0.00432277,0.00414885,0.00423596
404,1999,22,0.00462974,0.00453013,0.00458002
404,1999,23,0.00488635,0.00490213,0.00489423
404,1999,24,0.00511621,0.00527962,0.00519778
404,1999,25,0.0053347,0.0056772,0.00550568
404,1999,26,0.00553758,0.00607339,0.00580503
404,1999,27,0.00576954,0.0064543,0.00611135
404,1999,28,0.00601452,0.00680155,0.00640746
404,1999,29,0.0062622,0.00715196,0.00670651
404,1999,30,0.00659916,0.00750655,0.00705237
404,1999,31,0.00683591,0.0077727,0.00730392
404,1999,32,0.00722892,0.00817812,0.00770326
404,1999,33,0.00758515,0.00852982,0.00805739
404,1999,34,0.00797378,0.0089204,0.00844722
404,1999,35,0.00842725,0.0093609,0.0088945
404,1999,36,0.00883571,0.00972576,0.00928141
404,1999,37,0.00926314,0.01008303,0.00967393
404,1999,38,0.00972071,0.01047057,0.01009667
404,1999,39,0.010138,0.01079145,0.01046588
404,1999,40,0.01070383,0.01117795,0.01094193
404,1999,41,0.0110209,0.01142357,0.01122333
404,1999,42,0.01161674,0.01176206,0.01168989
404,1999,43,0.01204812,0.01204597,0.01204704
404,1999,44,0.01260588,0.01239801,0.01250089
404,1999,45,0.01326616,0.01283123,0.01304602
404,1999,46,0.01381121,0.0132386,0.01352076
404,1999,47,0.01451242,0.01372056,0.01410984
404,1999,48,0.01535152,0.0143508,0.01484143
404,1999,49,0.01616586,0.01499227,0.0155922
404,1999,50,0.01725375,0.01579843,0.01656689
404,1999,51,0.01792065,0.01637093,0.01718138
404,1999,52,0.01903925,0.01721104,0.01814775
404,1999,53,0.01991123,0.01790631,0.01890352
404,1999,54,0.02092023,0.01873043,0.01978672
404,1999,55,0.02197814,0.01960528,0.02071491
404,1999,56,0.02310395,0.02057793,0.0217205
404,1999,57,0.02434131,0.0216208,0.02280704
404,1999,58,0.02597846,0.02296671,0.02423461
404,1999,59,0.02770061,0.02441745,0.02576144
404,1999,60,0.03014483,0.02633517,0.02786454
404,1999,61,0.03187803,0.02795823,0.02951711
404,1999,62,0.03459751,0.03024389,0.03197615
404,1999,63,0.0370914,0.03255217,0.03436688
404,1999,64,0.03981256,0.03512394,0.03700984
404,1999,65,0.04280781,0.03802972,0.03996381
404,1999,66,0.04491924,0.03990216,0.04194955
404,1999,67,0.04754369,0.04211519,0.04435692
404,1999,68,0.05054259,0.04468751,0.04713152
404,1999,69,0.05362161,0.04730154,0.04995957
404,1999,70,0.05805973,0.05099982,0.05399426
404,1999,71,0.06106433,0.05347451,0.05673683
404,1999,72,0.0662474,0.05764736,0.06141068
404,1999,73,0.07074497,0.06121712,0.06544247
404,1999,74,0.0758404,0.06526847,0.06997242
404,1999,75,0.08138964,0.06965079,0.07485771
404,1999,76,0.08701601,0.07377071,0.07962998
404,1999,77,0.09299763,0.07804219,0.08467316
404,1999,78,0.1005181,0.08374047,0.09118799
404,1999,79,0.1074109,0.08833661,0.09677157
404,1999,80,0.1163705,0.09521482,0.10454218
404,1999,81,0.1249247,0.10179433,0.11199732
404,1999,82,0.13807537,0.1139963,0.12463809
404,1999,83,0.15025967,0.12490878,0.13609414
404,1999,84,0.16447421,0.13777405,0.14947064
404,1999,85,0.17746765,0.15004678,0.16194049
404,1999,86,0.19252191,0.16352205,0.17593205
404,1999,87,0.20744258,0.17671908,0.18964457
404,1999,88,0.22374166,0.19169017,0.20497242
404,1999,89,0.23986156,0.20606334,0.21986601
404,1999,90,0.25947343,0.22614995,0.23950061
404,1999,91,0.27487718,0.23836938,0.25275262
404,1999,92,0.2967392,0.2596166,0.27403686
404,1999,93,0.31721984,0.27888183,0.29343065
404,1999,94,0.339128,0.30014653,0.31430894
404,1999,95,0.36257169,0.32347839,0.33671408
404,1999,96,0.38458594,0.34510157,0.35711338
404,1999,97,0.4060784,0.36631118,0.37575513
404,1999,98,0.42731574,0.38725119,0.39258205
404,1999,99,0.45475392,0.41526084,0.42120796
404,1999,100,0.51120973,0.47600338,0.48254466
404,2000,0,0.07258064,0.06040085,0.06651876
404,2000,1,0.01495877,0.01394028,0.01445087
404,2000,2,0.00941882,0.00862151,0.00902093
404,2000,3,0.00641869,0.00570532,0.00606248
404,2000,4,0.004517,0.00391308,0.00421535
404,2000,5,0.00336065,0.00287911,0.00312009
404,2000,6,0.00278979,0.00235816,0.00257413
404,2000,7,0.00239271,0.00204211,0.0022175
404,2000,8,0.00210344,0.00180999,0.00195675
404,2000,9,0.00190734,0.00167445,0.0017909
404,2000,10,0.00179549,0.00159976,0.00169761
404,2000,11,0.00174979,0.00156955,0.00165965
404,2000,12,0.00177497,0.00161962,0.00169729
404,2000,13,0.00185813,0.00173591,0.00179703
404,2000,14,0.00201619,0.00190825,0.00196223
404,2000,15,0.00223322,0.00215291,0.00219308
404,2000,16,0.00250771,0.00239749,0.00245264
404,2000,17,0.00285214,0.0026971,0.00277471
404,2000,18,0.00320394,0.00302398,0.00311409
404,2000,19,0.0035463,0.00335136,0.00344899
404,2000,20,0.00390339,0.00371553,0.00380962
404,2000,21,0.00423493,0.00402206,0.00412868
404,2000,22,0.00454093,0.00442139,0.00448126
404,2000,23,0.00479936,0.00482046,0.00480989
404,2000,24,0.00503274,0.00522814,0.00513027
404,2000,25,0.00525752,0.00565174,0.00545429
404,2000,26,0.00546665,0.00608412,0.00577482
404,2000,27,0.00570609,0.00650638,0.00610541
404,2000,28,0.00595791,0.00688393,0.00641996
404,2000,29,0.00621244,0.00726908,0.00673974
404,2000,30,0.00655499,0.00764966,0.00710135
404,2000,31,0.00679919,0.00793833,0.00736787
404,2000,32,0.0071973,0.00837828,0.007787
404,2000,33,0.00756174,0.00875857,0.00815951
404,2000,34,0.00796089,0.00918251,0.00857124
404,2000,35,0.00842319,0.00966613,0.00904451
404,2000,36,0.00884071,0.01005495,0.00944807
404,2000,37,0.00928041,0.01043573,0.00985866
404,2000,38,0.00974662,0.01083982,0.0102941
404,2000,39,0.01017435,0.01117032,0.0106735
404,2000,40,0.01074917,0.011572,0.0111619
404,2000,41,0.01107839,0.01182096,0.01145121
404,2000,42,0.01168031,0.01216274,0.0119228
404,2000,43,0.01212544,0.0124591,0.01229338
404,2000,44,0.01269445,0.01282569,0.01276061
404,2000,45,0.01336671,0.01328302,0.01332444
404,2000,46,0.01392686,0.01370052,0.01381228
404,2000,47,0.01463982,0.01420138,0.01441736
404,2000,48,0.01548804,0.01484669,0.01516184
404,2000,49,0.01631294,0.01549321,0.0158949
404,2000,50,0.01741064,0.01630977,0.01687219
404,2000,51,0.01808932,0.01687339,0.01751504
404,2000,52,0.01921222,0.01771547,0.01849764
404,2000,53,0.02009584,0.01840957,0.01927279
404,2000,54,0.02111503,0.01923484,0.02016905
404,2000,55,0.02218884,0.02011523,0.02111429
404,2000,56,0.02332398,0.02109077,0.02213372
404,2000,57,0.0245767,0.02213433,0.02323743
404,2000,58,0.02622214,0.02347084,0.02466849
404,2000,59,0.02795516,0.0249007,0.02618414
404,2000,60,0.03041186,0.02681365,0.02828339
404,2000,61,0.0321595,0.02842542,0.02992083
404,2000,62,0.03488245,0.03069676,0.03235708
404,2000,63,0.03738094,0.03298605,0.03472987
404,2000,64,0.04010689,0.03554324,0.03736247
404,2000,65,0.04310529,0.03843372,0.04030724
404,2000,66,0.04519373,0.04023981,0.04223901
404,2000,67,0.04778777,0.04239222,0.04458699
404,2000,68,0.05075108,0.04489999,0.04730795
404,2000,69,0.05379473,0.04742094,0.05007172
404,2000,70,0.05817747,0.05105056,0.05403594
404,2000,71,0.06115232,0.05345121,0.05670338
404,2000,72,0.0662656,0.0575323,0.06126827
404,2000,73,0.07070557,0.0610061,0.06522824
404,2000,74,0.07573456,0.06497193,0.06971743
404,2000,75,0.08121295,0.06925423,0.07454148
404,2000,76,0.0867736,0.07329692,0.07923216
404,2000,77,0.09268441,0.07748122,0.08415257
404,2000,78,0.10012509,0.08311088,0.09058691
404,2000,79,0.10694829,0.08765549,0.09613278
404,2000,80,0.11582527,0.09451096,0.10382892
404,2000,81,0.12437065,0.10107316,0.11121558
404,2000,82,0.1374664,0.11322075,0.12377256
404,2000,83,0.14961542,0.12409583,0.13521612
404,2000,84,0.16378139,0.13691415,0.14859294
404,2000,85,0.17675291,0.14915011,0.16105506
404,2000,86,0.19178444,0.1626064,0.17505633
404,2000,87,0.20668718,0.17576753,0.1887665
404,2000,88,0.22295768,0.19069825,0.20401372
404,2000,89,0.23907625,0.20505517,0.21886836
404,2000,90,0.25865388,0.22508104,0.23850065
404,2000,91,0.27410766,0.2373008,0.25171124
404,2000,92,0.29596232,0.25851238,0.27289631
404,2000,93,0.31645616,0.27776211,0.29240224
404,2000,94,0.33835974,0.29900553,0.31353505
404,2000,95,0.36175049,0.32231681,0.33621127
404,2000,96,0.38377727,0.34392798,0.35693317
404,2000,97,0.40529802,0.36512424,0.37673907
404,2000,98,0.42686343,0.3860813,0.39478567
404,2000,99,0.4551219,0.41420404,0.41781897
404,2000,100,0.51266959,0.47517135,0.48092426
404,2001,0,0.06959752,0.05785932,0.06375711
404,2001,1,0.01395627,0.01300598,0.01348253
404,2001,2,0.00881806,0.00801851,0.00841916
404,2001,3,0.00601767,0.00534112,0.00567992
404,2001,4,0.00424752,0.00370532,0.0039767
404,2001,5,0.00316201,0.00275323,0.00295777
404,2001,6,0.00263156,0.0022736,0.0024527
404,2001,7,0.00226477,0.0019776,0.00212127
404,2001,8,0.0019949,0.00176372,0.00187935
404,2001,9,0.0018114,0.0016395,0.00172547
404,2001,10,0.00170916,0.00157302,0.00164109
404,2001,11,0.00167189,0.00154593,0.0016089
404,2001,12,0.00169946,0.00159762,0.00164853
404,2001,13,0.00178399,0.00171871,0.00175135
404,2001,14,0.00194406,0.00190025,0.00192216
404,2001,15,0.00216472,0.00215301,0.00215886
404,2001,16,0.00244058,0.00240281,0.0024217
404,2001,17,0.00278742,0.00269958,0.00274353
404,2001,18,0.00314366,0.00303149,0.00308764
404,2001,19,0.00348544,0.00334976,0.0034177
404,2001,20,0.00384256,0.00370037,0.00377157
404,2001,21,0.0041752,0.0039909,0.00408319
404,2001,22,0.00448286,0.00437394,0.00442848
404,2001,23,0.00474401,0.00474962,0.00474681
404,2001,24,0.00498154,0.00513232,0.00505679
404,2001,25,0.00521344,0.0055377,0.00537526
404,2001,26,0.00542891,0.00594796,0.00568793
404,2001,27,0.00567631,0.00634481,0.00600985
404,2001,28,0.00593484,0.0067004,0.00631669
404,2001,29,0.00619613,0.0070762,0.00663506
404,2001,30,0.00654409,0.00743727,0.0069896
404,2001,31,0.00679522,0.00772178,0.00725744
404,2001,32,0.00719679,0.00814154,0.00766817
404,2001,33,0.00756787,0.00850881,0.00803746
404,2001,34,0.0079761,0.00891674,0.00844567
404,2001,35,0.00844495,0.00938516,0.00891445
404,2001,36,0.00886947,0.00976384,0.0093163
404,2001,37,0.00931909,0.01014028,0.00972963
404,2001,38,0.00979071,0.01053546,0.01016329
404,2001,39,0.01022627,0.01087693,0.01055198
404,2001,40,0.01080614,0.01126397,0.0110355
404,2001,41,0.01114476,0.01154632,0.01134612
404,2001,42,0.01174763,0.01187542,0.01181177
404,2001,43,0.01220347,0.01219069,0.01219705
404,2001,44,0.01277935,0.01256206,0.01266998
404,2001,45,0.0134584,0.01301663,0.01323567
404,2001,46,0.01402939,0.01344985,0.0137366
404,2001,47,0.01474838,0.01395794,0.01434812
404,2001,48,0.01559894,0.01459331,0.01508852
404,2001,49,0.01642731,0.01525002,0.01582827
404,2001,50,0.01752579,0.01603716,0.01676622
404,2001,51,0.01820999,0.01663436,0.01743881
404,2001,52,0.01932673,0.0174491,0.01843921
404,2001,53,0.02021393,0.01815091,0.01922809
404,2001,54,0.0212347,0.01897007,0.02012826
404,2001,55,0.02231685,0.01985283,0.02107582
404,2001,56,0.02345052,0.02082514,0.02208854
404,2001,57,0.0247088,0.02187754,0.02319806
404,2001,58,0.02634901,0.02319342,0.02461653
404,2001,59,0.02808154,0.0246319,0.02613099
404,2001,60,0.03053399,0.02646686,0.0281724
404,2001,61,0.03228517,0.02812763,0.02982203
404,2001,62,0.03499109,0.03034208,0.03219936
404,2001,63,0.03747725,0.03262757,0.03454617
404,2001,64,0.04019034,0.03517214,0.03715777
404,2001,65,0.04317124,0.03804702,0.0400839
404,2001,66,0.04523877,0.03989521,0.04203191
404,2001,67,0.04779857,0.04205635,0.0443664
404,2001,68,0.05072298,0.04454374,0.0470488
404,2001,69,0.05373295,0.04711338,0.04982772
404,2001,70,0.05805716,0.05063187,0.05370773
404,2001,71,0.06101311,0.05312608,0.05641559
404,2001,72,0.0660596,0.05714752,0.06089326
404,2001,73,0.07045494,0.06064366,0.06481873
404,2001,74,0.07543124,0.06459948,0.06928747
404,2001,75,0.08085689,0.06886562,0.0741196
404,2001,76,0.08637526,0.07290752,0.07882004
404,2001,77,0.09224605,0.07707182,0.08370139
404,2001,78,0.09964152,0.08261915,0.09002169
404,2001,79,0.1064376,0.08708607,0.09550325
404,2001,80,0.11528,0.09380183,0.10313286
404,2001,81,0.12381588,0.10034486,0.1104778
404,2001,82,0.13685645,0.11243642,0.12292595
404,2001,83,0.14896965,0.12327197,0.13429989
404,2001,84,0.16308648,0.1360407,0.14765271
404,2001,85,0.17603503,0.14823658,0.16013394
404,2001,86,0.19104251,0.16166975,0.17413366
404,2001,87,0.20592567,0.17479061,0.18784688
404,2001,88,0.2221659,0.189676,0.20308521
404,2001,89,0.23828082,0.20401049,0.2178813
404,2001,90,0.25782116,0.2239686,0.23743776
404,2001,91,0.27331956,0.23617952,0.250714
404,2001,92,0.29515967,0.25734461,0.27181869
404,2001,93,0.3156545,0.27656578,0.29123388
404,2001,94,0.33753181,0.29777109,0.31246206
404,2001,95,0.36083471,0.32103826,0.33538845
404,2001,96,0.38282104,0.34260435,0.356455
404,2001,97,0.40429549,0.36374185,0.37670947
404,2001,98,0.42554713,0.38444955,0.39618528
404,2001,99,0.45302978,0.41205038,0.4210387
404,2001,100,0.50970486,0.47250273,0.47796281
404,2002,0,0.06641169,0.05516557,0.06081663
404,2002,1,0.01278122,0.01216525,0.01247428
404,2002,2,0.0081469,0.00750548,0.00782702
404,2002,3,0.00554941,0.00496905,0.00525977
404,2002,4,0.00392229,0.00342722,0.00367507
404,2002,5,0.00290304,0.00253331,0.00271832
404,2002,6,0.00242261,0.00208884,0.00225582
404,2002,7,0.00209416,0.00182208,0.00195819
404,2002,8,0.0018481,0.00162628,0.00173724
404,2002,9,0.00167853,0.00151446,0.00159652
404,2002,10,0.001589,0.00145397,0.00152149
404,2002,11,0.00156505,0.00142998,0.00149751
404,2002,12,0.00159569,0.00148245,0.00153906
404,2002,13,0.00167905,0.00160234,0.00164068
404,2002,14,0.00183584,0.0017783,0.00180706
404,2002,15,0.00205418,0.00202711,0.00204064
404,2002,16,0.00231645,0.0022694,0.00229293
404,2002,17,0.0026608,0.0025683,0.00261456
404,2002,18,0.00301182,0.00289965,0.00295576
404,2002,19,0.00334444,0.00322521,0.00328488
404,2002,20,0.00370176,0.0035875,0.0036447
404,2002,21,0.00404473,0.00388573,0.00396534
404,2002,22,0.00437667,0.00428681,0.0043318
404,2002,23,0.00467094,0.00468532,0.00467812
404,2002,24,0.00494585,0.00509303,0.00501933
404,2002,25,0.0052241,0.00552437,0.00537395
404,2002,26,0.00548078,0.00596604,0.00572291
404,2002,27,0.00577732,0.00639615,0.00608606
404,2002,28,0.00608063,0.00677464,0.0064268
404,2002,29,0.00638552,0.007181,0.00678215
404,2002,30,0.00678251,0.00755866,0.00716946
404,2002,31,0.00707598,0.00786352,0.00746864
404,2002,32,0.00751892,0.00830439,0.00791059
404,2002,33,0.00793724,0.00869007,0.0083127
404,2002,34,0.00839904,0.00911938,0.00875838
404,2002,35,0.00891715,0.0096161,0.0092659
404,2002,36,0.00938402,0.01000532,0.00969413
404,2002,37,0.00988037,0.01039352,0.01013664
404,2002,38,0.01037848,0.01078658,0.01058242
404,2002,39,0.01084163,0.01112745,0.01098457
404,2002,40,0.01144718,0.0115045,0.01147586
404,2002,41,0.01179993,0.01178854,0.01179422
404,2002,42,0.0123995,0.0120903,0.01224447
404,2002,43,0.01286899,0.01240501,0.01263611
404,2002,44,0.01345249,0.01277143,0.0131102
404,2002,45,0.01413463,0.01322282,0.01367564
404,2002,46,0.01471167,0.01365063,0.0141766
404,2002,47,0.0154247,0.0141534,0.01478225
404,2002,48,0.01626306,0.01477186,0.01550768
404,2002,49,0.01707141,0.01541243,0.016229
404,2002,50,0.01815274,0.01616541,0.01714097
404,2002,51,0.01880835,0.01674773,0.01775625
404,2002,52,0.01986695,0.01751571,0.01871518
404,2002,53,0.02070818,0.0181916,0.01951733
404,2002,54,0.02167658,0.01897601,0.02038458
404,2002,55,0.02272946,0.01983242,0.02131236
404,2002,56,0.02379096,0.02076717,0.02226622
404,2002,57,0.02500357,0.02178646,0.02333268
404,2002,58,0.02657452,0.02304072,0.02468668
404,2002,59,0.0282548,0.02442313,0.02614856
404,2002,60,0.03065918,0.02616235,0.0281131
404,2002,61,0.03236251,0.02779166,0.0297047
404,2002,62,0.03495995,0.02990183,0.03195889
404,2002,63,0.03734483,0.03210986,0.03419633
404,2002,64,0.03994782,0.03456918,0.03669181
404,2002,65,0.04279219,0.0373473,0.03949627
404,2002,66,0.04479502,0.03915613,0.04139165
404,2002,67,0.04723797,0.04125987,0.04364353
404,2002,68,0.05004893,0.04367966,0.04623408
404,2002,69,0.05297631,0.046202,0.04893919
404,2002,70,0.05719609,0.04961614,0.0527129
404,2002,71,0.06012769,0.05212502,0.05542675
404,2002,72,0.06505416,0.05606558,0.05979805
404,2002,73,0.06940087,0.05954222,0.06366539
404,2002,74,0.07433172,0.06348506,0.06807572
404,2002,75,0.07974342,0.0677453,0.0729072
404,2002,76,0.0852818,0.07182704,0.07768308
404,2002,77,0.09122062,0.07604537,0.08265767
404,2002,78,0.09870517,0.08165822,0.08904295
404,2002,79,0.10566095,0.08624436,0.09460641
404,2002,80,0.11470606,0.09311162,0.10240196
404,2002,81,0.12322836,0.09963763,0.10976334
404,2002,82,0.1362098,0.11167566,0.12213195
404,2002,83,0.14828277,0.12247435,0.13341148
404,2002,84,0.16234518,0.13519686,0.14668314
404,2002,85,0.17526438,0.14735658,0.15916559
404,2002,86,0.19024039,0.16077098,0.17319601
404,2002,87,0.20509547,0.17385672,0.18690317
404,2002,88,0.22129549,0.18870269,0.20214631
404,2002,89,0.23739454,0.20302163,0.2169686
404,2002,90,0.25688307,0.22292065,0.23644077
404,2002,91,0.2724084,0.23513297,0.24972737
404,2002,92,0.2942134,0.25626417,0.27088292
404,2002,93,0.3146872,0.27547296,0.29027311
404,2002,94,0.33651507,0.29666234,0.31147294
404,2002,95,0.35970338,0.31991519,0.33460927
404,2002,96,0.38161597,0.34147522,0.35615551
404,2002,97,0.40300193,0.36260391,0.37700524
404,2002,98,0.4240344,0.38321943,0.39729129
404,2002,99,0.45107837,0.41063017,0.4243053
404,2002,100,0.50735042,0.47093044,0.48046309
404,2003,0,0.06304498,0.05232062,0.05770921
404,2003,1,0.01184787,0.01120874,0.01152949
404,2003,2,0.00755515,0.00691606,0.00723658
404,2003,3,0.00516472,0.00458179,0.00487392
404,2003,4,0.00366631,0.00316899,0.00341805
404,2003,5,0.00272632,0.00234669,0.00253671
404,2003,6,0.00228141,0.00193909,0.00211036
404,2003,7,0.00197858,0.0016965,0.0018376
404,2003,8,0.00175011,0.00151788,0.00163404
404,2003,9,0.0015932,0.00141708,0.00150517
404,2003,10,0.00151138,0.00136316,0.00143729
404,2003,11,0.0014921,0.00134272,0.00141741
404,2003,12,0.0015241,0.00139536,0.00145972
404,2003,13,0.00160751,0.00151408,0.00156078
404,2003,14,0.00176292,0.00168687,0.00172488
404,2003,15,0.00197917,0.00193192,0.00195554
404,2003,16,0.00224173,0.00216873,0.00220523
404,2003,17,0.00257987,0.00246129,0.00252058
404,2003,18,0.00292649,0.00278541,0.00285596
404,2003,19,0.00324448,0.00310251,0.00317353
404,2003,20,0.00358135,0.00345453,0.00351799
404,2003,21,0.00390296,0.00374089,0.00382202
404,2003,22,0.00421349,0.00413079,0.00417219
404,2003,23,0.00448831,0.00451872,0.00450349
404,2003,24,0.00474385,0.00491626,0.00482993
404,2003,25,0.00500222,0.00533782,0.00516974
404,2003,26,0.00524152,0.00577242,0.00550643
404,2003,27,0.00551827,0.0061969,0.0058568
404,2003,28,0.00580339,0.00656885,0.00618516
404,2003,29,0.00609215,0.00697591,0.00653279
404,2003,30,0.00646705,0.00734781,0.00690603
404,2003,31,0.00674648,0.0076535,0.00719848
404,2003,32,0.00716846,0.00809151,0.00762848
404,2003,33,0.0075674,0.00847632,0.00802043
404,2003,34,0.00800973,0.0089046,0.00845584
404,2003,35,0.0085062,0.00940412,0.00895394
404,2003,36,0.00895716,0.00979349,0.0093743
404,2003,37,0.00943996,0.01018457,0.00981149
404,2003,38,0.00992986,0.01057718,0.01025304
404,2003,39,0.0103889,0.01092482,0.01065666
404,2003,40,0.01098548,0.01129967,0.01114258
404,2003,41,0.01134618,0.0115996,0.01147299
404,2003,42,0.01194749,0.01189889,0.01192314
404,2003,43,0.01242599,0.01222765,0.01232653
404,2003,44,0.0130146,0.01260175,0.01280734
404,2003,45,0.0137042,0.01306103,0.01338086
404,2003,46,0.01429495,0.01349906,0.01389416
404,2003,47,0.01501994,0.01401184,0.01451133
404,2003,48,0.01586724,0.01462904,0.01524115
404,2003,49,0.01669261,0.01527272,0.01597286
404,2003,50,0.01778256,0.01601277,0.01688316
404,2003,51,0.01846531,0.01660298,0.01751632
404,2003,52,0.01954583,0.01735713,0.01842723
404,2003,53,0.02041898,0.01803279,0.0192487
404,2003,54,0.02141807,0.01881134,0.02018292
404,2003,55,0.02249809,0.01966609,0.02114129
404,2003,56,0.02359722,0.02059622,0.02212711
404,2003,57,0.02484323,0.02161364,0.02321226
404,2003,58,0.02644217,0.02284694,0.02457194
404,2003,59,0.02814763,0.02421374,0.02604252
404,2003,60,0.03056384,0.02590522,0.02799832
404,2003,61,0.03229695,0.02753714,0.02959676
404,2003,62,0.03492171,0.02960243,0.03182259
404,2003,63,0.03733828,0.03178307,0.03403547
404,2003,64,0.03997571,0.03421158,0.03650168
404,2003,65,0.04286176,0.0369556,0.03927876
404,2003,66,0.04487174,0.03875393,0.04116031
404,2003,67,0.0473324,0.04083832,0.04340374
404,2003,68,0.05015135,0.04322425,0.04597591
404,2003,69,0.05307774,0.04573006,0.04866507
404,2003,70,0.05726544,0.04907204,0.05236822
404,2003,71,0.06019095,0.05159645,0.05509123
404,2003,72,0.0650886,0.05548533,0.05942737
404,2003,73,0.06940686,0.05894732,0.06326642
404,2003,74,0.07429842,0.06287131,0.06762138
404,2003,75,0.07965479,0.06710775,0.07238274
404,2003,76,0.08513758,0.07118758,0.07714558
404,2003,77,0.09099553,0.07539293,0.08212891
404,2003,78,0.09837711,0.08097758,0.08849024
404,2003,79,0.10521649,0.08554743,0.09398051
404,2003,80,0.11410793,0.09238764,0.10163366
404,2003,81,0.1226131,0.09889098,0.10896668
404,2003,82,0.13553211,0.11086973,0.12131155
404,2003,83,0.1475611,0.12162462,0.13252078
404,2003,84,0.16156471,0.13429206,0.14567574
404,2003,85,0.17444926,0.146405,0.15808452
404,2003,86,0.18938784,0.15978827,0.17210952
404,2003,87,0.20420823,0.17282552,0.18582982
404,2003,88,0.22036066,0.18761715,0.2010417
404,2003,89,0.23643519,0.201903,0.21586902
404,2003,90,0.25586232,0.22172265,0.23529668
404,2003,91,0.27140334,0.23391209,0.24852389
404,2003,92,0.29316111,0.254981,0.26960312
404,2003,93,0.3136036,0.27414371,0.28901456
404,2003,94,0.33537493,0.29527548,0.31008388
404,2003,95,0.35844177,0.31846086,0.33301945
404,2003,96,0.38027033,0.33994681,0.3545782
404,2003,97,0.40155128,0.36098041,0.37562208
404,2003,98,0.42226587,0.38139018,0.39587834
404,2003,99,0.44863814,0.40846553,0.42242471
404,2003,100,0.50423436,0.46852146,0.47918535
404,2004,0,0.05972955,0.04952878,0.05465538
404,2004,1,0.01089658,0.01029406,0.01059647
404,2004,2,0.00696675,0.00634844,0.00665864
404,2004,3,0.00477372,0.00421284,0.00449405
404,2004,4,0.00340488,0.00292655,0.0031662
404,2004,5,0.00253879,0.00217379,0.00235654
404,2004,6,0.00213193,0.00180059,0.0019664
404,2004,7,0.00185715,0.00157953,0.00171841
404,2004,8,0.00164655,0.00141614,0.00153138
404,2004,9,0.00150152,0.00132457,0.00141307
404,2004,10,0.00142831,0.00127595,0.00135215
404,2004,11,0.00141581,0.00125819,0.00133701
404,2004,12,0.00144971,0.00130979,0.00137975
404,2004,13,0.00153361,0.0014257,0.00147964
404,2004,14,0.00168953,0.00159341,0.00164145
404,2004,15,0.00190739,0.00183197,0.00186967
404,2004,16,0.00217069,0.00206129,0.00211598
404,2004,17,0.0025086,0.0023439,0.00242624
404,2004,18,0.00285742,0.00265678,0.00275709
404,2004,19,0.00316866,0.00296097,0.00306481
404,2004,20,0.00349721,0.00329725,0.00339727
404,2004,21,0.00381065,0.00356747,0.00368915
404,2004,22,0.00411462,0.00393931,0.00402706
404,2004,23,0.00438551,0.00430951,0.00434755
404,2004,24,0.0046378,0.00468941,0.00466357
404,2004,25,0.00489535,0.00509288,0.00499397
404,2004,26,0.00513317,0.00551173,0.00532211
404,2004,27,0.00540963,0.00592208,0.00566527
404,2004,28,0.00569328,0.00628094,0.00598635
404,2004,29,0.00598154,0.00668066,0.00633011
404,2004,30,0.00635295,0.00704141,0.00669609
404,2004,31,0.00663267,0.00734225,0.00698619
404,2004,32,0.00704895,0.0077713,0.00740878
404,2004,33,0.00744543,0.00814987,0.00779636
404,2004,34,0.00788736,0.00857112,0.00822803
404,2004,35,0.00837937,0.00906627,0.00872167
404,2004,36,0.00882867,0.00945206,0.00913939
404,2004,37,0.00931199,0.00984215,0.00957632
404,2004,38,0.00979991,0.01023302,0.01001594
404,2004,39,0.01026126,0.01058599,0.01042334
404,2004,40,0.01085402,0.01095931,0.01090662
404,2004,41,0.0112219,0.01127376,0.01124783
404,2004,42,0.01181818,0.01157515,0.01169657
404,2004,43,0.01230458,0.01191786,0.01211087
404,2004,44,0.01289493,0.01230006,0.0125966
404,2004,45,0.01358638,0.01276749,0.01317517
404,2004,46,0.01418572,0.0132156,0.01369784
404,2004,47,0.01491325,0.01373849,0.01432142
404,2004,48,0.01575854,0.01435517,0.01505013
404,2004,49,0.01658645,0.01500169,0.01578462
404,2004,50,0.01767119,0.01573133,0.01668713
404,2004,51,0.01836312,0.01632845,0.01732823
404,2004,52,0.01943595,0.01707347,0.01823096
404,2004,53,0.02031446,0.01775014,0.01900251
404,2004,54,0.02131607,0.01852522,0.01994561
404,2004,55,0.02240341,0.01937891,0.02096824
404,2004,56,0.02350282,0.02030675,0.02196926
404,2004,57,0.02475518,0.02132303,0.02307121
404,2004,58,0.02634655,0.02253877,0.02442041
404,2004,59,0.02805089,0.02389061,0.02588293
404,2004,60,0.03045048,0.02554088,0.02781819
404,2004,61,0.0321882,0.02717107,0.02941965
404,2004,62,0.03478982,0.02919695,0.03161047
404,2004,63,0.0371935,0.0313497,0.03378142
404,2004,64,0.03981766,0.03374735,0.03620075
404,2004,65,0.04268616,0.03645757,0.03892393
404,2004,66,0.04469064,0.03824929,0.04077415
404,2004,67,0.04713303,0.04032272,0.04299169
404,2004,68,0.0499288,0.04268542,0.04553567
404,2004,69,0.05283991,0.04518183,0.0482112
404,2004,70,0.05697548,0.0484698,0.05185202
404,2004,71,0.05990359,0.05101155,0.05457138
404,2004,72,0.06475009,0.05486396,0.05886291
404,2004,73,0.06904519,0.0583177,0.06269587
404,2004,74,0.07390537,0.06223036,0.06702116
404,2004,75,0.07922953,0.06645109,0.0717266
404,2004,76,0.08469185,0.0705369,0.07644335
404,2004,77,0.09052792,0.07473879,0.08142663
404,2004,78,0.09787809,0.08031091,0.08782553
404,2004,79,0.10470226,0.08488011,0.09335078
404,2004,80,0.11356508,0.09171226,0.10097354
404,2004,81,0.12206003,0.09819929,0.10822692
404,2004,82,0.134924,0.1101257,0.12051533
404,2004,83,0.14691686,0.12084467,0.13172644
404,2004,84,0.16087113,0.1334671,0.1448074
404,2004,85,0.1737319,0.14554511,0.15712595
404,2004,86,0.18864547,0.15891065,0.17109271
404,2004,87,0.20344517,0.17191452,0.184816
404,2004,88,0.21956606,0.1866689,0.20005803
404,2004,89,0.23563484,0.20094156,0.21489819
404,2004,90,0.25502316,0.22070567,0.23431654
404,2004,91,0.27060654,0.23290004,0.2475942
404,2004,92,0.29234925,0.25393956,0.26860623
404,2004,93,0.31279905,0.27309488,0.28800804
404,2004,94,0.33456344,0.2942171,0.30913101
404,2004,95,0.35757482,0.31739697,0.33196864
404,2004,96,0.37940672,0.3388892,0.35344013
404,2004,97,0.40069692,0.35993107,0.37461639
404,2004,98,0.42139357,0.38035406,0.39521384
404,2004,99,0.44768952,0.40749151,0.42204226
404,2004,100,0.50326148,0.46768993,0.47934354
404,2005,0,0.05643197,0.04674513,0.05161547
404,2005,1,0.0099322,0.0094529,0.00969352
404,2005,2,0.00637698,0.00583105,0.00610498
404,2005,3,0.00437882,0.00387561,0.00412799
404,2005,4,0.00313543,0.00270264,0.00291958
404,2005,5,0.00234083,0.0020128,0.00217711
404,2005,6,0.00197183,0.00167092,0.00182156
404,2005,7,0.00172492,0.00146949,0.0015973
404,2005,8,0.00153307,0.00132,0.00142657
404,2005,9,0.00140053,0.00123683,0.00131869
404,2005,10,0.00133601,0.00119304,0.00126454
404,2005,11,0.0013302,0.00117778,0.00125401
404,2005,12,0.00136551,0.0012285,0.00129701
404,2005,13,0.00144925,0.00134172,0.00139548
404,2005,14,0.00160441,0.00150454,0.00155446
404,2005,15,0.00182208,0.00173667,0.00177935
404,2005,16,0.00208339,0.00195872,0.00202102
404,2005,17,0.00241878,0.00223172,0.00232522
404,2005,18,0.00276672,0.00253367,0.00265017
404,2005,19,0.00307106,0.00282566,0.00294833
404,2005,20,0.0033922,0.00314722,0.00326969
404,2005,21,0.00369967,0.00340259,0.00355116
404,2005,22,0.00399935,0.00375758,0.00387853
404,2005,23,0.00426828,0.00411126,0.00418984
404,2005,24,0.00452025,0.00447472,0.00449751
404,2005,25,0.00478038,0.00486124,0.00482076
404,2005,26,0.0050207,0.00526515,0.00514273
404,2005,27,0.00530091,0.00566204,0.00548112
404,2005,28,0.00558744,0.00600848,0.00579744
404,2005,29,0.00587902,0.00640063,0.00613908
404,2005,30,0.00625131,0.00675063,0.00650019
404,2005,31,0.00653523,0.00704636,0.00678991
404,2005,32,0.00695065,0.00746641,0.00720753
404,2005,33,0.00735006,0.00783852,0.00759331
404,2005,34,0.0077974,0.00825253,0.00802406
404,2005,35,0.00829164,0.00874267,0.00851628
404,2005,36,0.00874467,0.00912436,0.00893382
404,2005,37,0.00923507,0.00951266,0.00937339
404,2005,38,0.00972581,0.00990109,0.00981318
404,2005,39,0.01019336,0.01025801,0.0102256
404,2005,40,0.01078788,0.01062923,0.0107087
404,2005,41,0.0111658,0.01095589,0.01106095
404,2005,42,0.0117606,0.01125849,0.01150956
404,2005,43,0.01225807,0.01161292,0.0119352
404,2005,44,0.01285408,0.01200157,0.01242696
404,2005,45,0.01355095,0.01247541,0.01301139
404,2005,46,0.01416168,0.01293165,0.01354375
404,2005,47,0.01489427,0.01346264,0.01417392
404,2005,48,0.01573964,0.0140776,0.01490181
404,2005,49,0.01657042,0.01472532,0.01563836
404,2005,50,0.01765258,0.01544399,0.01653419
404,2005,51,0.01835173,0.01604603,0.01718099
404,2005,52,0.0194156,0.01678118,0.01807427
404,2005,53,0.0202983,0.01745731,0.01884758
404,2005,54,0.02130111,0.0182276,0.01972668
404,2005,55,0.02239649,0.0190786,0.02076483
404,2005,56,0.02349443,0.02000248,0.02183469
404,2005,57,0.02475232,0.02101565,0.02295625
404,2005,58,0.02633493,0.02221275,0.02430868
404,2005,59,0.02803513,0.02354792,0.0257609
404,2005,60,0.03042135,0.0251571,0.0276723
404,2005,61,0.03216015,0.02678228,0.02927038
404,2005,62,0.03473592,0.028768,0.03143521
404,2005,63,0.03712063,0.03089089,0.03357092
404,2005,64,0.03972464,0.03325564,0.03593865
404,2005,65,0.04256791,0.03592977,0.03860337
404,2005,66,0.04455615,0.03771337,0.04041317
404,2005,67,0.04696957,0.03977468,0.0425842
404,2005,68,0.04973117,0.04211377,0.04508695
404,2005,69,0.05261465,0.04459908,0.0477396
404,2005,70,0.05669172,0.04783493,0.05132211
404,2005,71,0.05961246,0.05039142,0.05403965
404,2005,72,0.06439822,0.05420892,0.05826605
404,2005,73,0.06866033,0.05765513,0.06208048
404,2005,74,0.07348077,0.0615584,0.06639316
404,2005,75,0.07876677,0.06576631,0.07106389
404,2005,76,0.08420527,0.0698607,0.07573763
404,2005,77,0.09002094,0.07406278,0.08066563
404,2005,78,0.09734722,0.07962707,0.08706301
404,2005,79,0.1041678,0.0842006,0.09265316
404,2005,80,0.11302121,0.0910312,0.10031947
404,2005,81,0.12150525,0.09750014,0.10754371
404,2005,82,0.13431392,0.10937267,0.11971139
404,2005,83,0.14627012,0.12005366,0.13088041
404,2005,84,0.16017446,0.13262845,0.14395282
404,2005,85,0.17301045,0.14466828,0.1562133
404,2005,86,0.18789786,0.1580121,0.17009045
404,2005,87,0.20267557,0.17097849,0.18374257
404,2005,88,0.2187636,0.18569114,0.19898194
404,2005,89,0.23482489,0.19994516,0.2138763
404,2005,90,0.25417267,0.21964781,0.23327525
404,2005,91,0.26979558,0.2318395,0.24659912
404,2005,92,0.29152034,0.25284092,0.26760335
404,2005,93,0.31197407,0.271978,0.28695049
404,2005,94,0.33372755,0.29307705,0.30807709
404,2005,95,0.35667832,0.3162342,0.33097173
404,2005,96,0.37850555,0.33771123,0.35234374
404,2005,97,0.39979367,0.35873495,0.37339522
404,2005,98,0.42046323,0.37913063,0.39409738
404,2005,99,0.44668046,0.40626894,0.42121711
404,2005,100,0.50223463,0.46656106,0.47901725
404,2006,0,0.05339297,0.04418607,0.04881565
404,2006,1,0.00916023,0.0087574,0.00895973
404,2006,2,0.00589592,0.00539351,0.00564567
404,2006,3,0.00405451,0.00358979,0.00382291
404,2006,4,0.00291436,0.00251303,0.00271427
404,2006,5,0.0021785,0.00187667,0.00202794
404,2006,6,0.00184075,0.00156071,0.00170097
404,2006,7,0.00161674,0.00137495,0.00149598
404,2006,8,0.00144006,0.00123659,0.00133838
404,2006,9,0.00131746,0.00115983,0.00123867
404,2006,10,0.0012599,0.00111964,0.00118978
404,2006,11,0.00125954,0.00110614,0.00118285
404,2006,12,0.00129595,0.00115512,0.00122554
404,2006,13,0.00137912,0.00126435,0.00132173
404,2006,14,0.0015327,0.00142085,0.00147677
404,2006,15,0.00174905,0.00164452,0.00169677
404,2006,16,0.00200714,0.00185803,0.00193255
404,2006,17,0.00233944,0.00211932,0.00222931
404,2006,18,0.00268545,0.00240784,0.00254658
404,2006,19,0.00298196,0.00268524,0.00283354
404,2006,20,0.00329522,0.0029893,0.0031422
404,2006,21,0.00359669,0.00322828,0.00341242
404,2006,22,0.00389328,0.0035629,0.00372809
404,2006,23,0.00416214,0.00389648,0.00402936
404,2006,24,0.00441547,0.00423968,0.00432765
404,2006,25,0.00467987,0.00460467,0.00464231
404,2006,26,0.00492403,0.00498841,0.00495618
404,2006,27,0.00520966,0.0053666,0.005288
404,2006,28,0.00550076,0.00569683,0.00559859
404,2006,29,0.00579755,0.00607512,0.00593596
404,2006,30,0.0061734,0.00641109,0.00629188
404,2006,31,0.00646334,0.00669707,0.00657982
404,2006,32,0.00688023,0.00710363,0.00699152
404,2006,33,0.00728448,0.0074649,0.00737432
404,2006,34,0.00773909,0.00786683,0.00780269
404,2006,35,0.00823746,0.00834543,0.00829122
404,2006,36,0.00869577,0.00871932,0.0087075
404,2006,37,0.00919443,0.0091014,0.00914809
404,2006,38,0.00968896,0.00948513,0.00958739
404,2006,39,0.01016356,0.00984206,0.01000329
404,2006,40,0.01076087,0.01021054,0.01048638
404,2006,41,0.01114837,0.0105436,0.0108465
404,2006,42,0.01174146,0.01084956,0.01129583
404,2006,43,0.01224921,0.01121135,0.01173011
404,2006,44,0.01285043,0.01160369,0.0122262
404,2006,45,0.01355221,0.01208097,0.01281467
404,2006,46,0.01417338,0.01254142,0.01335413
404,2006,47,0.01491018,0.01307678,0.01398845
404,2006,48,0.01575514,0.01368879,0.01471453
404,2006,49,0.01658783,0.01433459,0.01545089
404,2006,50,0.01766702,0.01504439,0.01634075
404,2006,51,0.01837175,0.01564666,0.01699015
404,2006,52,0.01942522,0.01637554,0.01787469
404,2006,53,0.02030953,0.0170496,0.01864735
404,2006,54,0.02131087,0.01781524,0.01952313
404,2006,55,0.02241182,0.0186614,0.02048748
404,2006,56,0.0235048,0.01958072,0.02157152
404,2006,57,0.02476559,0.02058809,0.02277603
404,2006,58,0.02633752,0.02176883,0.02413682
404,2006,59,0.02803268,0.02308576,0.02559546
404,2006,60,0.03040522,0.02466242,0.02748736
404,2006,61,0.03214398,0.02627295,0.02906998
404,2006,62,0.03469275,0.02822432,0.03120755
404,2006,63,0.03705752,0.03031476,0.03331781
404,2006,64,0.03964028,0.0326443,0.03564279
404,2006,65,0.04245652,0.03528,0.03824475
404,2006,66,0.04442802,0.03705454,0.04001204
404,2006,67,0.04681026,0.03910763,0.04213351
404,2006,68,0.04953648,0.04143074,0.0445814
404,2006,69,0.05239228,0.04390562,0.04720202
404,2006,70,0.05641223,0.04710851,0.05073477
404,2006,71,0.05932496,0.04967252,0.05345183
404,2006,72,0.06404984,0.05346991,0.05763095
404,2006,73,0.06827888,0.05691277,0.06140942
404,2006,74,0.07305978,0.06081437,0.06570455
404,2006,75,0.07830839,0.06501909,0.07036821
404,2006,76,0.08372287,0.06913001,0.07502825
404,2006,77,0.08951851,0.07334274,0.07991055
404,2006,78,0.09682079,0.07891673,0.08625161
404,2006,79,0.10363835,0.08351151,0.09186536
404,2006,80,0.1124834,0.09036348,0.09961486
404,2006,81,0.12095709,0.09681569,0.10687829
404,2006,82,0.13371124,0.10863593,0.11897919
404,2006,83,0.14563144,0.11928054,0.13004151
404,2006,84,0.15948667,0.1318097,0.14306113
404,2006,85,0.1722986,0.14381361,0.15533237
404,2006,86,0.18716065,0.15713811,0.16915717
404,2006,87,0.20191726,0.17006993,0.18270558
404,2006,88,0.21797351,0.18474418,0.19786704
404,2006,89,0.2340284,0.19898334,0.2127815
404,2006,90,0.2533371,0.2186292,0.23220308
404,2006,91,0.26900083,0.23082335,0.24556423
404,2006,92,0.29070944,0.25179271,0.26657364
404,2006,93,0.31116898,0.27091853,0.28591089
404,2006,94,0.33291383,0.29200293,0.30693852
404,2006,95,0.35580721,0.3151479,0.3297793
404,2006,96,0.37763395,0.33662276,0.35120226
404,2006,97,0.39892578,0.35764439,0.37209963
404,2006,98,0.4195961,0.37803801,0.39254563
404,2006,99,0.44579882,0.40521548,0.41962335
404,2006,100,0.5014108,0.46563134,0.47820193
404,2007,0,0.05056142,0.04178363,0.04619853
404,2007,1,0.0084274,0.00806345,0.0082463
404,2007,2,0.00546831,0.00497391,0.00522217
404,2007,3,0.00376196,0.00331879,0.00354116
404,2007,4,0.00271083,0.00233389,0.00252294
404,2007,5,0.00202111,0.00174846,0.00188516
404,2007,6,0.00171226,0.00145749,0.00158515
404,2007,7,0.00150998,0.00128714,0.00139874
404,2007,8,0.00134772,0.00115967,0.00125378
404,2007,9,0.00123403,0.00108926,0.00116169
404,2007,10,0.00118357,0.00105258,0.00111808
404,2007,11,0.00118971,0.00104079,0.00111526
404,2007,12,0.00122729,0.0010887,0.001158
404,2007,13,0.00131059,0.00119532,0.00125296
404,2007,14,0.00146512,0.00134732,0.00140622
404,2007,15,0.00168435,0.00156509,0.00162471
404,2007,16,0.00194068,0.00177215,0.00185638
404,2007,17,0.00227617,0.00202488,0.00215044
404,2007,18,0.0026269,0.00230377,0.00246521
404,2007,19,0.00292773,0.00257049,0.00274899
404,2007,20,0.00324982,0.00286167,0.00305563
404,2007,21,0.00356289,0.00308783,0.00332521
404,2007,22,0.0038733,0.00340761,0.00364032
404,2007,23,0.00415775,0.00372656,0.00394211
404,2007,24,0.00442947,0.00405514,0.00424235
404,2007,25,0.00471806,0.00440496,0.00456161
404,2007,26,0.00498405,0.00477515,0.00487969
404,2007,27,0.00529651,0.00514102,0.00521886
404,2007,28,0.00561154,0.00545999,0.00553589
404,2007,29,0.00593129,0.00583092,0.00588121
404,2007,30,0.00633191,0.0061571,0.00624474
404,2007,31,0.00664463,0.00643813,0.00654169
404,2007,32,0.00708232,0.00683632,0.00695973
404,2007,33,0.00751296,0.00719153,0.00735283
404,2007,34,0.00799914,0.0075867,0.00779375
404,2007,35,0.00852538,0.00806039,0.00829384
404,2007,36,0.00900866,0.00843054,0.00872076
404,2007,37,0.00953649,0.00881092,0.00917509
404,2007,38,0.0100466,0.00919275,0.00962117
404,2007,39,0.01053908,0.0095535,0.01004783
404,2007,40,0.01115097,0.00992076,0.01053749
404,2007,41,0.01155104,0.0102651,0.01090937
404,2007,42,0.01214152,0.01057312,0.01135823
404,2007,43,0.012663,0.01094598,0.01180456
404,2007,44,0.01327161,0.01134483,0.01230721
404,2007,45,0.0139781,0.01182873,0.01290105
404,2007,46,0.01460859,0.01229738,0.01344891
404,2007,47,0.01534472,0.01284115,0.01408667
404,2007,48,0.01618294,0.0134528,0.01480887
404,2007,49,0.01700565,0.0141009,0.01554107
404,2007,50,0.01807391,0.01480219,0.01642086
404,2007,51,0.01876583,0.0154101,0.01706638
404,2007,52,0.0197827,0.01613182,0.01792889
404,2007,53,0.02064397,0.01680694,0.01868992
404,2007,54,0.02161828,0.01757002,0.01955054
404,2007,55,0.02270863,0.01841559,0.020509
404,2007,56,0.02376248,0.0193335,0.02148557
404,2007,57,0.02500166,0.02034033,0.02270027
404,2007,58,0.02653256,0.02150663,0.0241332
404,2007,59,0.02819848,0.02281099,0.02559675
404,2007,60,0.0305408,0.0243533,0.0274839
404,2007,61,0.03225497,0.02596233,0.02904844
404,2007,62,0.03473569,0.02788088,0.03113595
404,2007,63,0.03703993,0.02994787,0.03320706
404,2007,64,0.03955786,0.03225166,0.03549332
404,2007,65,0.0422935,0.03485932,0.03803286
404,2007,66,0.04422408,0.03662695,0.03975228
404,2007,67,0.0465316,0.0386697,0.0418092
404,2007,68,0.04918309,0.04097176,0.04418242
404,2007,69,0.05198336,0.04343681,0.04674247
404,2007,70,0.05592481,0.04659163,0.05019768
404,2007,71,0.05881926,0.04916762,0.05290834
404,2007,72,0.06345456,0.05292989,0.05702611
404,2007,73,0.06763967,0.05636009,0.06076758
404,2007,74,0.07237293,0.06024512,0.06500983
404,2007,75,0.07758974,0.06442817,0.06964501
404,2007,76,0.08299563,0.06853659,0.07430935
404,2007,77,0.08881086,0.07273816,0.07917638
404,2007,78,0.09614463,0.07829338,0.08546971
404,2007,79,0.10304089,0.08288028,0.09104891
404,2007,80,0.11198527,0.08971731,0.09884751
404,2007,81,0.12045363,0.09615541,0.10618277
404,2007,82,0.13315865,0.10792628,0.11829469
404,2007,83,0.14504831,0.11853749,0.1293106
404,2007,84,0.15886081,0.13102458,0.14221382
404,2007,85,0.17165571,0.1429966,0.15445622
404,2007,86,0.18650024,0.15630614,0.16830753
404,2007,87,0.20124433,0.1692085,0.18180127
404,2007,88,0.21727837,0.18385028,0.19685995
404,2007,89,0.23333751,0.19808137,0.21172391
404,2007,90,0.2526195,0.21767867,0.23115241
404,2007,91,0.26833781,0.22988429,0.24460522
404,2007,92,0.29004649,0.25083199,0.26563611
404,2007,93,0.31053055,0.26995829,0.28502073
404,2007,94,0.33228917,0.29104189,0.30606028
404,2007,95,0.35515269,0.31419137,0.32882882
404,2007,96,0.37701228,0.33568432,0.35027992
404,2007,97,0.39834845,0.3567285,0.37130664
404,2007,98,0.41908254,0.37715585,0.39172069
404,2007,99,0.44536612,0.40442347,0.4187673
404,2007,100,0.50111435,0.46499804,0.47762444
404,2008,0,0.04809229,0.03969186,0.04391907
404,2008,1,0.00783869,0.00752297,0.00768163
404,2008,2,0.00509565,0.00463894,0.00486835
404,2008,3,0.00351224,0.00310132,0.00330761
404,2008,4,0.00254381,0.00218932,0.00236716
404,2008,5,0.00190328,0.0016445,0.00177427
404,2008,6,0.00161834,0.00137274,0.00149586
404,2008,7,0.00143346,0.00121375,0.00132383
404,2008,8,0.0012815,0.00109433,0.00118805
404,2008,9,0.00117473,0.00102837,0.00110161
404,2008,10,0.00112968,0.00099411,0.00106193
404,2008,11,0.00113976,0.00098352,0.00106165
404,2008,12,0.00117853,0.00102966,0.00110409
404,2008,13,0.00126266,0.00113234,0.0011975
404,2008,14,0.0014203,0.00127827,0.00134929
404,2008,15,0.00164527,0.00148776,0.00156651
404,2008,16,0.00190797,0.00168687,0.00179738
404,2008,17,0.00224979,0.00192846,0.00208904
404,2008,18,0.00261206,0.00219442,0.00240307
404,2008,19,0.00291628,0.00244748,0.00268166
404,2008,20,0.00324026,0.00272233,0.00298107
404,2008,21,0.00355142,0.00293382,0.00324237
404,2008,22,0.00385778,0.00323437,0.0035458
404,2008,23,0.00413842,0.00353432,0.00383612
404,2008,24,0.0044051,0.00384364,0.00412424
404,2008,25,0.00469034,0.00417258,0.00443146
404,2008,26,0.00495007,0.00452272,0.00473649
404,2008,27,0.00525798,0.00486983,0.00506406
404,2008,28,0.0055654,0.00517294,0.0053694
404,2008,29,0.00587832,0.00552847,0.00570366
404,2008,30,0.00626879,0.00584091,0.00605527
404,2008,31,0.00657425,0.00611097,0.00634319
404,2008,32,0.00699707,0.00649524,0.00674688
404,2008,33,0.00741517,0.00683885,0.0071279
404,2008,34,0.00788998,0.00722113,0.00755669
404,2008,35,0.00839857,0.00768151,0.00804137
404,2008,36,0.00886843,0.00804314,0.00845735
404,2008,37,0.00938151,0.00841597,0.00890048
404,2008,38,0.00987516,0.00879297,0.00933588
404,2008,39,0.01035675,0.00915198,0.00975615
404,2008,40,0.01094744,0.00951731,0.01023417
404,2008,41,0.0113411,0.00986431,0.01060414
404,2008,42,0.01190993,0.01017741,0.01104474
404,2008,43,0.01242441,0.01055486,0.01148989
404,2008,44,0.01301697,0.0109562,0.01198568
404,2008,45,0.01370591,0.01144255,0.01257183
404,2008,46,0.01432699,0.01191358,0.01311623
404,2008,47,0.01504647,0.01246031,0.01374721
404,2008,48,0.01586357,0.01307009,0.01445795
404,2008,49,0.01667096,0.013716,0.0151816
404,2008,50,0.01771027,0.01441245,0.01604491
404,2008,51,0.01839675,0.01501884,0.01668718
404,2008,52,0.01938454,0.01573914,0.01753514
404,2008,53,0.02023051,0.01641306,0.01828849
404,2008,54,0.02118642,0.01717403,0.01913905
404,2008,55,0.02226068,0.01801604,0.02008816
404,2008,56,0.02329023,0.01893189,0.02105235
404,2008,57,0.02451013,0.01993434,0.02215249
404,2008,58,0.02600412,0.02109015,0.02357201
404,2008,59,0.02764497,0.02237986,0.02512461
404,2008,60,0.02992877,0.02390202,0.02700967
404,2008,61,0.0316234,0.02549521,0.0285863
404,2008,62,0.03404203,0.02739097,0.03064198
404,2008,63,0.03630417,0.02943153,0.03268316
404,2008,64,0.03877842,0.03170726,0.03494421
404,2008,65,0.04146176,0.03428466,0.03745596
404,2008,66,0.04340633,0.03604174,0.039172
404,2008,67,0.0457071,0.03807786,0.04120207
404,2008,68,0.04835116,0.04036792,0.04354039
404,2008,69,0.05116279,0.0428203,0.04606546
404,2008,70,0.0550685,0.04595352,0.04945955
404,2008,71,0.05800249,0.04852627,0.05216605
404,2008,72,0.06261793,0.05227337,0.05625765
404,2008,73,0.06682685,0.05569481,0.05999835
404,2008,74,0.07157954,0.05957333,0.06423102
404,2008,75,0.07682129,0.0637473,0.06884397
404,2008,76,0.08226893,0.06786216,0.07352461
404,2008,77,0.08813107,0.07206365,0.07841914
404,2008,78,0.09550207,0.07762007,0.08470949
404,2008,79,0.10246217,0.08221569,0.09026164
404,2008,80,0.11146031,0.08906223,0.09802182
404,2008,81,0.11991911,0.09548402,0.10536368
404,2008,82,0.13257103,0.10720351,0.11751812
404,2008,83,0.14442592,0.1177791,0.12855986
404,2008,84,0.15819089,0.13022166,0.14140181
404,2008,85,0.17096315,0.14215887,0.15353851
404,2008,86,0.18578382,0.15544987,0.16736111
404,2008,87,0.20050836,0.16831885,0.18086832
404,2008,88,0.21651247,0.18292336,0.19585724
404,2008,89,0.232567,0.19714026,0.21062884
404,2008,90,0.25181214,0.21668202,0.22997338
404,2008,91,0.26757264,0.22889075,0.24346195
404,2008,92,0.28926692,0.24980747,0.26453767
404,2008,93,0.3097575,0.26892365,0.28393659
404,2008,94,0.33150727,0.28999407,0.30498079
404,2008,95,0.35431308,0.3131329,0.32769328
404,2008,96,0.37617143,0.33462517,0.34901593
404,2008,97,0.3975112,0.35566865,0.36992294
404,2008,98,0.4182519,0.37609417,0.39023444
404,2008,99,0.44453626,0.40339873,0.41695702
404,2008,100,0.50035918,0.46409144,0.47615522
404,2009,0,0.04596312,0.03787009,0.04194417
404,2009,1,0.00736871,0.00699903,0.0071849
404,2009,2,0.00479664,0.00431612,0.00455754
404,2009,3,0.00331063,0.00288991,0.00310119
404,2009,4,0.00239781,0.00204637,0.00222277
404,2009,5,0.00179313,0.00154009,0.00166701
404,2009,6,0.00152496,0.001287,0.00140632
404,2009,7,0.0013517,0.00113963,0.00124593
404,2009,8,0.00121043,0.00102881,0.0011198
404,2009,9,0.0011114,0.00096819,0.00103989
404,2009,10,0.00106964,0.00093726,0.00100351
404,2009,11,0.00108061,0.00092865,0.00100466
404,2009,12,0.00111823,0.00097347,0.00104585
404,2009,13,0.00119771,0.00107239,0.00113505
404,2009,14,0.00134326,0.00121241,0.00127783
404,2009,15,0.00155042,0.00141399,0.0014822
404,2009,16,0.00179335,0.00160561,0.00169946
404,2009,17,0.00211054,0.00183676,0.00197359
404,2009,18,0.00244233,0.00209009,0.00226608
404,2009,19,0.00271486,0.00233009,0.00252227
404,2009,20,0.00300514,0.00258926,0.00279695
404,2009,21,0.00328999,0.00278668,0.00303804
404,2009,22,0.0035784,0.00306872,0.00332327
404,2009,23,0.00384716,0.0033507,0.00359863
404,2009,24,0.00410491,0.00364186,0.00387312
404,2009,25,0.00438089,0.00395072,0.00416565
404,2009,26,0.00463644,0.00428186,0.00445911
404,2009,27,0.00493718,0.00461144,0.00477435
404,2009,28,0.0052418,0.00489988,0.00507094
404,2009,29,0.00555333,0.00524077,0.00539721
404,2009,30,0.00594051,0.00554081,0.00574093
404,2009,31,0.00624748,0.00580038,0.00602433
404,2009,32,0.00667069,0.00617229,0.00642206
404,2009,33,0.00708987,0.00650543,0.00679842
404,2009,34,0.00756535,0.00687608,0.00722168
404,2009,35,0.00807763,0.00732449,0.00770221
404,2009,36,0.00855128,0.00767877,0.00811648
404,2009,37,0.00907314,0.00804496,0.00856077
404,2009,38,0.00957763,0.00841856,0.00899989
404,2009,39,0.01006916,0.0087761,0.00942443
404,2009,40,0.01067375,0.00914123,0.00990928
404,2009,41,0.01108303,0.00949018,0.01028803
404,2009,42,0.01166888,0.00981085,0.01074093
404,2009,43,0.01219884,0.01019372,0.01119663
404,2009,44,0.01280973,0.01059929,0.01170375
404,2009,45,0.01351877,0.01109076,0.0123024
404,2009,46,0.01416037,0.01156584,0.01285885
404,2009,47,0.01490087,0.01211824,0.01350316
404,2009,48,0.01573685,0.01273005,0.01422427
404,2009,49,0.01656385,0.01337677,0.0149579
404,2009,50,0.01762592,0.01407405,0.01583295
404,2009,51,0.01833199,0.01468039,0.01648494
404,2009,52,0.01934478,0.01540552,0.01734767
404,2009,53,0.02021874,0.01608171,0.01811607
404,2009,54,0.02120065,0.01684532,0.01898074
404,2009,55,0.02230094,0.0176881,0.01994243
404,2009,56,0.02336358,0.0186073,0.02092409
404,2009,57,0.02461341,0.01961017,0.02203881
404,2009,58,0.02613837,0.0207626,0.02336217
404,2009,59,0.02779807,0.02204301,0.02494224
404,2009,60,0.03011527,0.02355672,0.02696627
404,2009,61,0.0318296,0.02513785,0.02857799
404,2009,62,0.034281,0.0270229,0.03067209
404,2009,63,0.0365637,0.02904548,0.03270745
404,2009,64,0.03905788,0.03130294,0.03495837
404,2009,65,0.04176751,0.03386139,0.03746647
404,2009,66,0.04368137,0.03560298,0.03915801
404,2009,67,0.04596821,0.03763017,0.04115899
404,2009,68,0.04858876,0.03990571,0.04344527
404,2009,69,0.05135874,0.0423365,0.04590454
404,2009,70,0.05522357,0.04544821,0.04923089
404,2009,71,0.05810929,0.04800358,0.05186892
404,2009,72,0.06267268,0.05173251,0.05590946
404,2009,73,0.06681762,0.05513641,0.05960643
404,2009,74,0.07150232,0.0590014,0.06380062
404,2009,75,0.07666573,0.06315654,0.06835808
404,2009,76,0.082038,0.06726297,0.07297577
404,2009,77,0.0878111,0.07144298,0.07781841
404,2009,78,0.09508836,0.07697442,0.08406783
404,2009,79,0.1019469,0.08154248,0.0895415
404,2009,80,0.11082784,0.08835688,0.09717561
404,2009,81,0.11926181,0.09475276,0.10442337
404,2009,82,0.13184571,0.10641146,0.11654714
404,2009,83,0.14364999,0.11694128,0.12763901
404,2009,84,0.15734913,0.12932743,0.14048651
404,2009,85,0.17007774,0.14121603,0.15256329
404,2009,86,0.18485124,0.1544726,0.16626824
404,2009,87,0.19953073,0.16729069,0.1797209
404,2009,88,0.21547681,0.18183768,0.19470315
404,2009,89,0.23149474,0.19601625,0.20940684
404,2009,90,0.25066728,0.21547498,0.22860175
404,2009,91,0.26642911,0.22765499,0.24201857
404,2009,92,0.28806381,0.24850523,0.26308784
404,2009,93,0.30851086,0.26757111,0.28253369
404,2009,94,0.33019544,0.28858166,0.30356098
404,2009,95,0.35287801,0.31165454,0.3262404
404,2009,96,0.37465638,0.33308005,0.34753721
404,2009,97,0.395905,0.35404393,0.36838991
404,2009,98,0.41652269,0.37436027,0.3887151
404,2009,99,0.44263189,0.40155587,0.41554886
404,2009,100,0.49841298,0.46227847,0.47446137
404,2010,0,0.04432376,0.03646065,0.04042012
404,2010,1,0.00680145,0.0066627,0.0067325
404,2010,2,0.00442978,0.00410178,0.00426666
404,2010,3,0.00306515,0.00274874,0.00290768
404,2010,4,0.00223048,0.00195106,0.00209136
404,2010,5,0.00167382,0.0014706,0.00157259
404,2010,6,0.00142839,0.00122936,0.00132918
404,2010,7,0.00127134,0.00108878,0.0011803
404,2010,8,0.00114118,0.00098251,0.00106203
404,2010,9,0.00104984,0.00092418,0.00098713
404,2010,10,0.00101285,0.0008944,0.0009537
404,2010,11,0.00102679,0.00088638,0.00095664
404,2010,12,0.00106491,0.00092946,0.00099721
404,2010,13,0.00114393,0.00102459,0.00108426
404,2010,14,0.00128831,0.00115884,0.00122356
404,2010,15,0.0014944,0.00135265,0.00142351
404,2010,16,0.00173685,0.00153725,0.00163703
404,2010,17,0.00205124,0.00175868,0.0019049
404,2010,18,0.00238215,0.00200009,0.002191
404,2010,19,0.00264754,0.0022282,0.00243767
404,2010,20,0.00292821,0.00247325,0.00270044
404,2010,21,0.00320314,0.00265864,0.00293049
404,2010,22,0.00348169,0.00292397,0.00320243
404,2010,23,0.00374191,0.00318984,0.00346548
404,2010,24,0.0039916,0.00346466,0.00372775
404,2010,25,0.00426039,0.0037551,0.0040074
404,2010,26,0.0045095,0.0040684,0.00428874
404,2010,27,0.00480345,0.00438135,0.00459231
404,2010,28,0.00510132,0.00465612,0.00487873
404,2010,29,0.00540707,0.00498169,0.00519447
404,2010,30,0.00578505,0.00527001,0.00552773
404,2010,31,0.00608738,0.00551841,0.00580321
404,2010,32,0.00650116,0.0058779,0.00618999
404,2010,33,0.00691313,0.00620014,0.00655734
404,2010,34,0.00738247,0.00655878,0.00697156
404,2010,35,0.00788625,0.00699395,0.00744117
404,2010,36,0.00835463,0.0073402,0.00784874
404,2010,37,0.0088735,0.0076984,0.00828762
404,2010,38,0.00937569,0.00806799,0.00872365
404,2010,39,0.0098684,0.00842187,0.00914692
404,2010,40,0.01047002,0.00878691,0.00963019
404,2010,41,0.01088749,0.00913334,0.01001174
404,2010,42,0.01147377,0.00946155,0.01046856
404,2010,43,0.01201341,0.00984555,0.01092965
404,2010,44,0.0126299,0.01025251,0.01144033
404,2010,45,0.01334587,0.01074607,0.01204352
404,2010,46,0.01400026,0.01122127,0.01260626
404,2010,47,0.01474999,0.01177536,0.01325575
404,2010,48,0.01559172,0.01238785,0.01398004
404,2010,49,0.01642985,0.01303247,0.0147181
404,2010,50,0.01749664,0.01373204,0.01559644
404,2010,51,0.01822088,0.01433398,0.01625521
404,2010,52,0.01924139,0.01506565,0.01712517
404,2010,53,0.02013421,0.01574222,0.01790305
404,2010,54,0.02113318,0.01650803,0.01877741
404,2010,55,0.02225278,0.01734986,0.01974815
404,2010,56,0.02333425,0.01827139,0.0207396
404,2010,57,0.02460555,0.01927252,0.0218636
404,2010,58,0.02614214,0.02042421,0.0231922
404,2010,59,0.02781588,0.02169571,0.02464656
404,2010,60,0.03013606,0.0232105,0.0266885
404,2010,61,0.03186974,0.02477413,0.02845083
404,2010,62,0.03432529,0.02665605,0.03058501
404,2010,63,0.0366186,0.02866257,0.03264763
404,2010,64,0.0391247,0.03090436,0.03489227
404,2010,65,0.04184715,0.03344669,0.03738962
404,2010,66,0.0437574,0.03517209,0.03906948
404,2010,67,0.04603766,0.03719227,0.0410666
404,2010,68,0.04864477,0.03945925,0.04332733
404,2010,69,0.05140143,0.04186869,0.0457339
404,2010,70,0.055221,0.04497477,0.04900355
404,2010,71,0.05809952,0.04750429,0.05157897
404,2010,72,0.06261493,0.05122257,0.05555147
404,2010,73,0.06672573,0.054605,0.05920012
404,2010,74,0.07136665,0.05845294,0.06335754
404,2010,75,0.07647869,0.06258634,0.06787688
404,2010,76,0.08180456,0.06667923,0.07245232
404,2010,77,0.08751936,0.07083699,0.07722574
404,2010,78,0.09472401,0.0763508,0.08343219
404,2010,79,0.1015132,0.08090097,0.08887874
404,2010,80,0.11030261,0.0877002,0.09644611
404,2010,81,0.11872592,0.09407738,0.1036133
404,2010,82,0.1312563,0.10568283,0.11562158
404,2010,83,0.1430251,0.11617485,0.12670817
404,2010,84,0.15667611,0.12851411,0.13961074
404,2010,85,0.1693809,0.14036499,0.15172424
404,2010,86,0.18412917,0.15359921,0.16538938
404,2010,87,0.1987874,0.16637999,0.17872593
404,2010,88,0.21470181,0.18088514,0.19366366
404,2010,89,0.23071272,0.19504364,0.20840021
404,2010,90,0.24984594,0.21444051,0.22751625
404,2010,91,0.26564575,0.22661515,0.24084237
404,2010,92,0.28726163,0.24742473,0.26182025
404,2010,93,0.30771009,0.26646877,0.28128885
404,2010,94,0.3293805,0.28745186,0.30237997
404,2010,95,0.35199942,0.31049624,0.3250485
404,2010,96,0.37376795,0.33189862,0.34633287
404,2010,97,0.39500871,0.3528339,0.36712813
404,2010,98,0.41561744,0.37310903,0.38732436
404,2010,99,0.44170744,0.40028641,0.41408342
404,2010,100,0.49754877,0.4610882,0.47314984
404,2011,0,0.04294217,0.03524053,0.03911991
404,2011,1,0.00632702,0.00633984,0.00633339
404,2011,2,0.0041362,0.00390979,0.00402368
404,2011,3,0.00286985,0.0026242,0.00274767
404,2011,4,0.00209615,0.0018661,0.00198164
404,2011,5,0.00157672,0.00140773,0.00149257
404,2011,6,0.00134921,0.00117622,0.00126303
404,2011,7,0.00120512,0.00104148,0.00112355
404,2011,8,0.00108412,0.00093909,0.00101179
404,2011,9,0.00099922,0.00088277,0.00094113
404,2011,10,0.00096638,0.00085406,0.00091032
404,2011,11,0.000983,0.00084684,0.000915
404,2011,12,0.00102166,0.00088837,0.00095505
404,2011,13,0.00110024,0.00097968,0.00103996
404,2011,14,0.00124353,0.00110789,0.00117568
404,2011,15,0.00144857,0.00129369,0.00137107
404,2011,16,0.00169025,0.00147127,0.00158066
404,2011,17,0.00200232,0.00168303,0.0018425
404,2011,18,0.00233205,0.00191195,0.00212169
404,2011,19,0.00259074,0.00212835,0.00235911
404,2011,20,0.00286289,0.00235948,0.00261063
404,2011,21,0.00312962,0.00253331,0.0028307
404,2011,22,0.00340104,0.00278197,0.00309067
404,2011,23,0.00365583,0.00303216,0.0033432
404,2011,24,0.00390052,0.00329113,0.0035951
404,2011,25,0.00416524,0.00356298,0.00386345
404,2011,26,0.00441074,0.00385853,0.00413413
404,2011,27,0.00470105,0.00415523,0.00442784
404,2011,28,0.00499533,0.00441688,0.00470601
404,2011,29,0.00529831,0.00472663,0.00501258
404,2011,30,0.00567113,0.00500396,0.00533786
404,2011,31,0.00597167,0.00524071,0.00560672
404,2011,32,0.00638002,0.00558862,0.00598506
404,2011,33,0.00678849,0.00590041,0.00634546
404,2011,34,0.00725549,0.00624761,0.00675295
404,2011,35,0.007755,0.00666998,0.00721413
404,2011,36,0.00822142,0.007009,0.00761707
404,2011,37,0.00874043,0.00735962,0.00805219
404,2011,38,0.00924264,0.00772681,0.00848716
404,2011,39,0.0097382,0.00807709,0.00891012
404,2011,40,0.01033948,0.00844482,0.00939452
404,2011,41,0.01076497,0.00878707,0.00977796
404,2011,42,0.01135284,0.00912691,0.01024133
404,2011,43,0.01190197,0.00951226,0.01070777
404,2011,44,0.01252454,0.00992226,0.01122301
404,2011,45,0.01324774,0.01042064,0.01183232
404,2011,46,0.01391413,0.01089689,0.01240159
404,2011,47,0.01467285,0.01145486,0.01305732
404,2011,48,0.01552076,0.01207226,0.01378687
404,2011,49,0.01636928,0.012717,0.01453008
404,2011,50,0.0174418,0.01342609,0.015416
404,2011,51,0.01818172,0.0140232,0.01607972
404,2011,52,0.01920907,0.01476984,0.01696048
404,2011,53,0.02011798,0.01545011,0.01774808
404,2011,54,0.02113154,0.01622374,0.01863339
404,2011,55,0.0222685,0.01706899,0.01961442
404,2011,56,0.02336564,0.01799908,0.02061775
404,2011,57,0.02465597,0.01900313,0.02175169
404,2011,58,0.02620335,0.02016333,0.0230894
404,2011,59,0.02789058,0.02143136,0.02454822
404,2011,60,0.03021663,0.02296494,0.02644887
404,2011,61,0.03196836,0.02451171,0.02824157
404,2011,62,0.03442905,0.02640753,0.03054631
404,2011,63,0.03673248,0.02840729,0.03265287
404,2011,64,0.03924978,0.03064488,0.03493441
404,2011,65,0.04198371,0.03318449,0.03743231
404,2011,66,0.04388527,0.03488858,0.03909042
404,2011,67,0.04615254,0.03690213,0.04108046
404,2011,68,0.04874002,0.03916301,0.04333667
404,2011,69,0.05147665,0.04154294,0.04570477
404,2011,70,0.05524883,0.04465508,0.04892779
404,2011,71,0.05811226,0.04714061,0.05143069
404,2011,72,0.06257608,0.05085139,0.05533372
404,2011,73,0.06664753,0.0542011,0.05889989
404,2011,74,0.07123951,0.05802279,0.06299785
404,2011,75,0.07629524,0.06212211,0.067463
404,2011,76,0.08156835,0.06618378,0.07199211
404,2011,77,0.08721956,0.07029746,0.07669471
404,2011,78,0.09434586,0.07577406,0.0828116
404,2011,79,0.10105842,0.08027857,0.08819431
404,2011,80,0.10974918,0.08703498,0.09571351
404,2011,81,0.11815766,0.09339128,0.10284106
404,2011,82,0.13063065,0.10494146,0.11473426
404,2011,83,0.14235965,0.11539316,0.12571373
404,2011,84,0.15595747,0.12768242,0.1385975
404,2011,85,0.16863253,0.13949187,0.15078454
404,2011,86,0.18334905,0.15269943,0.16449533
404,2011,87,0.19797906,0.16543857,0.17778614
404,2011,88,0.21385422,0.17989723,0.19260238
404,2011,89,0.22984953,0.19403032,0.20731608
404,2011,90,0.24893432,0.21335985,0.22643492
404,2011,91,0.26476194,0.22552291,0.239745
404,2011,92,0.28634873,0.24628546,0.26060924
404,2011,93,0.30678822,0.26530075,0.28000025
404,2011,94,0.32843454,0.28624943,0.30108812
404,2011,95,0.3509806,0.30925888,0.32375953
404,2011,96,0.37273038,0.33063287,0.34498446
404,2011,97,0.39395499,0.35153616,0.36567616
404,2011,98,0.41455052,0.37177393,0.38566192
404,2011,99,0.44062337,0.39894737,0.41205692
404,2011,100,0.49654365,0.45985562,0.47118792
404,2012,0,0.04188995,0.03428825,0.03811755
404,2012,1,0.005998,0.00602504,0.00601143
404,2012,2,0.00392545,0.0037204,0.00382358
404,2012,3,0.00272941,0.00250212,0.00261643
404,2012,4,0.00200039,0.00178512,0.0018933
404,2012,5,0.00150853,0.00134912,0.00142917
404,2012,6,0.00129372,0.00112736,0.00121088
404,2012,7,0.00115872,0.00099877,0.00107903
404,2012,8,0.00104405,9e-04,0.00097223
404,2012,9,0.00096351,0.0008454,0.0009046
404,2012,10,0.00093326,0.00081733,0.00087543
404,2012,11,0.0009514,0.00081066,0.00088115
404,2012,12,0.00099021,0.00085091,0.00092062
404,2012,13,0.00106876,0.00093927,0.001004
404,2012,14,0.00121217,0.00106237,0.0011372
404,2012,15,0.0014178,0.00124189,0.0013297
404,2012,16,0.0016607,0.00141381,0.00153698
404,2012,17,0.00197253,0.00161824,0.00179491
404,2012,18,0.00230376,0.00183697,0.00206961
404,2012,19,0.00256076,0.0020443,0.00230154
404,2012,20,0.00282967,0.00226444,0.00254583
404,2012,21,0.00309228,0.00242847,0.00275884
404,2012,22,0.00335831,0.00266375,0.00300934
404,2012,23,0.00360762,0.00290188,0.00325308
404,2012,24,0.00384709,0.00314886,0.00349648
404,2012,25,0.00410705,0.00340616,0.00375533
404,2012,26,0.00434825,0.00368892,0.00401762
404,2012,27,0.00463395,0.00397466,0.00430365
404,2012,28,0.00492345,0.00422734,0.00457514
404,2012,29,0.00522196,0.0045272,0.00487477
404,2012,30,0.005588,0.0047977,0.00519351
404,2012,31,0.00588472,0.00502722,0.00545707
404,2012,32,0.00628637,0.00536935,0.00582937
404,2012,33,0.00668972,0.00567606,0.00618484
404,2012,34,0.00715229,0.00601793,0.00658755
404,2012,35,0.00764588,0.00643562,0.00704361
404,2012,36,0.00810848,0.00677311,0.00744403
404,2012,37,0.00862505,0.00712246,0.00787728
404,2012,38,0.00912526,0.0074929,0.00831278
404,2012,39,0.00962104,0.00784594,0.00873736
404,2012,40,0.01021986,0.00822179,0.0092247
404,2012,41,0.01065026,0.00856743,0.00961218
404,2012,42,0.01123818,0.00892332,0.01008364
404,2012,43,0.01179349,0.00931837,0.01055801
404,2012,44,0.01241965,0.00973926,0.01108051
404,2012,45,0.01314737,0.01025214,0.01169943
404,2012,46,0.01382216,0.01073855,0.01227821
404,2012,47,0.01458699,0.01131122,0.01294453
404,2012,48,0.01543873,0.01194301,0.01368319
404,2012,49,0.01629471,0.01259787,0.01443505
404,2012,50,0.01737044,0.01332497,0.01533182
404,2012,51,0.01812264,0.01392664,0.01600391
404,2012,52,0.01915533,0.01469681,0.01689897
404,2012,53,0.02007732,0.01539058,0.01769979
404,2012,54,0.0211031,0.01618237,0.01860041
404,2012,55,0.022254,0.0170433,0.01959632
404,2012,56,0.02336489,0.01799491,0.02061763
404,2012,57,0.02467066,0.01901605,0.02176805
404,2012,58,0.02622668,0.02019703,0.02312014
404,2012,59,0.02792422,0.02147519,0.02458901
404,2012,60,0.03025297,0.02304052,0.02650775
404,2012,61,0.03201868,0.02459121,0.02814487
404,2012,62,0.03448311,0.02651843,0.03048343
404,2012,63,0.03679488,0.02853242,0.0327729
404,2012,64,0.03932162,0.03078966,0.0351163
404,2012,65,0.04206571,0.03335367,0.0376716
404,2012,66,0.04396184,0.03503704,0.03932089
404,2012,67,0.04622096,0.03704465,0.04130645
404,2012,68,0.04879475,0.03929687,0.04356371
404,2012,69,0.05151714,0.04164363,0.04592387
404,2012,70,0.05525089,0.04475206,0.04912797
404,2012,71,0.05810304,0.04718823,0.05156775
404,2012,72,0.0625239,0.05087528,0.05540578
404,2012,73,0.06656098,0.05417178,0.05888098
404,2012,74,0.07110893,0.05794115,0.06288081
404,2012,75,0.07611311,0.06197182,0.06725689
404,2012,76,0.08133846,0.06596362,0.07171032
404,2012,77,0.08693278,0.06998521,0.07632507
404,2012,78,0.09399069,0.07536953,0.08233793
404,2012,79,0.10063893,0.07976514,0.08758685
404,2012,80,0.1092457,0.08640506,0.09499945
404,2012,81,0.11764518,0.09274501,0.10213365
404,2012,82,0.13006684,0.10424481,0.11396306
404,2012,83,0.14176248,0.11466172,0.1248493
404,2012,84,0.1553148,0.12690793,0.13762436
404,2012,85,0.16796848,0.13868388,0.14982121
404,2012,86,0.18266203,0.1518732,0.16362119
404,2012,87,0.19727265,0.16457961,0.17696494
404,2012,88,0.21311844,0.17900143,0.19174953
404,2012,89,0.22910922,0.19311979,0.20638808
404,2012,90,0.24815701,0.21239367,0.22547309
404,2012,91,0.26402255,0.22455692,0.2388639
404,2012,92,0.28558847,0.24528429,0.25970345
404,2012,93,0.30602594,0.26428337,0.27902583
404,2012,94,0.32765603,0.28521174,0.30004275
404,2012,95,0.3501385,0.30820142,0.32268586
404,2012,96,0.37188025,0.32956284,0.34391871
404,2012,97,0.39310152,0.35045014,0.36454625
404,2012,98,0.4136976,0.37066833,0.38445937
404,2012,99,0.43976697,0.39785873,0.41078471
404,2012,100,0.49576195,0.45887305,0.46976083
404,2013,0,0.04100004,0.03345772,0.03725709
404,2013,1,0.00572751,0.00595606,0.00584096
404,2013,2,0.00375227,0.00367539,0.00371409
404,2013,3,0.00261362,0.00247109,0.0025428
404,2013,4,0.00192129,0.00176265,0.00184243
404,2013,5,0.0014519,0.00133189,0.0013922
404,2013,6,0.00124766,0.00111259,0.00118042
404,2013,7,0.00112022,0.00098533,0.00105304
404,2013,8,0.00101081,0.00088743,0.00094933
404,2013,9,0.00093385,0.00083311,0.00088362
404,2013,10,0.0009058,0.00080503,0.00085554
404,2013,11,0.00092531,0.00079819,0.00086188
404,2013,12,0.00096428,0.00083767,0.00090106
404,2013,13,0.00104286,0.00092449,0.00098369
404,2013,14,0.00118651,0.00104542,0.0011159
404,2013,15,0.00139288,0.00122187,0.00130721
404,2013,16,0.00163695,0.00139095,0.00151358
404,2013,17,0.00194905,0.00159206,0.00176986
404,2013,18,0.00228211,0.00180707,0.00204347
404,2013,19,0.00253824,0.00201112,0.00227322
404,2013,20,0.00280518,0.00222779,0.00251469
404,2013,21,0.00306522,0.0023893,0.002725
404,2013,22,0.0033277,0.00262078,0.00297181
404,2013,23,0.00357345,0.00285522,0.00321188
404,2013,24,0.00380961,0.00309841,0.00345173
404,2013,25,0.00406689,0.00335155,0.00370725
404,2013,26,0.00430567,0.00362991,0.00396631
404,2013,27,0.00458894,0.00391135,0.00424908
404,2013,28,0.0048758,0.00416033,0.00451746
404,2013,29,0.00517195,0.00445551,0.00481375
404,2013,30,0.00553392,0.00472219,0.00512875
404,2013,31,0.00582881,0.00494816,0.00538985
404,2013,32,0.00622631,0.00528554,0.0057579
404,2013,33,0.00662696,0.00558795,0.00611008
404,2013,34,0.00708767,0.00592509,0.00650967
404,2013,35,0.00757809,0.00633702,0.00696131
404,2013,36,0.00803911,0.00667007,0.00735894
404,2013,37,0.00855549,0.00701473,0.00778995
404,2013,38,0.00905536,0.00738068,0.00822297
404,2013,39,0.00955274,0.00772909,0.00864594
404,2013,40,0.01015095,0.00810087,0.00913113
404,2013,41,0.01058656,0.00844157,0.0095188
404,2013,42,0.01117529,0.00879415,0.00998897
404,2013,43,0.0117371,0.00918414,0.01046409
404,2013,44,0.01236745,0.00960003,0.01098618
404,2013,45,0.01310019,0.01010701,0.01160468
404,2013,46,0.01378337,0.01058733,0.01218464
404,2013,47,0.01455437,0.01115318,0.0128508
404,2013,48,0.01541027,0.01177792,0.01358812
404,2013,49,0.01627336,0.01242483,0.01433939
404,2013,50,0.01735289,0.01314455,0.01523412
404,2013,51,0.01811598,0.01373823,0.0159075
404,2013,52,0.01915317,0.01450096,0.0168009
404,2013,53,0.0200865,0.01518681,0.01760283
404,2013,54,0.02112292,0.01597015,0.01850405
404,2013,55,0.02228673,0.01682144,0.01950113
404,2013,56,0.02340916,0.01776287,0.0205225
404,2013,57,0.0247289,0.01877252,0.02167371
404,2013,58,0.02629271,0.01994139,0.02302304
404,2013,59,0.02800011,0.02120513,0.02448806
404,2013,60,0.03033308,0.02275625,0.0264006
404,2013,61,0.03211201,0.02428796,0.02803345
404,2013,62,0.03458016,0.02619659,0.03018969
404,2013,63,0.03689963,0.02818883,0.03250315
404,2013,64,0.03943511,0.0304223,0.03502205
404,2013,65,0.04218816,0.03295969,0.03761207
404,2013,66,0.04407609,0.03462686,0.03928223
404,2013,67,0.04632309,0.0366175,0.0412486
404,2013,68,0.04887962,0.03885204,0.043482
404,2013,69,0.05158444,0.0411784,0.04582613
404,2013,70,0.05527879,0.04426557,0.04901223
404,2013,71,0.05811581,0.04668181,0.0514198
404,2013,72,0.06249108,0.05034409,0.05518903
404,2013,73,0.06649071,0.05361792,0.05859328
404,2013,74,0.07099183,0.05736525,0.0625103
404,2013,75,0.0759421,0.06137345,0.06679871
404,2013,76,0.08111655,0.06535204,0.07119538
404,2013,77,0.08665159,0.06936054,0.07576387
404,2013,78,0.09363869,0.07473411,0.08173422
404,2013,79,0.10022023,0.07913046,0.08693473
404,2013,80,0.10874144,0.08577755,0.09427823
404,2013,81,0.11713105,0.09210028,0.10139595
404,2013,82,0.12950093,0.10354913,0.11320091
404,2013,83,0.1411625,0.11393038,0.12403765
404,2013,84,0.15466859,0.12613256,0.13670858
404,2013,85,0.16729973,0.13787373,0.14881586
404,2013,86,0.18196898,0.15104316,0.16263081
404,2013,87,0.19655865,0.16371534,0.17605186
404,2013,88,0.21237277,0.17809877,0.19087589
404,2013,89,0.22835569,0.19220047,0.2054974
404,2013,90,0.24736364,0.21141705,0.22447166
404,2013,91,0.26326483,0.22357823,0.23787687
404,2013,92,0.28481033,0.24426826,0.25873724
404,2013,93,0.30524688,0.2632484,0.27804068
404,2013,94,0.32686073,0.28415354,0.29899343
404,2013,95,0.34927896,0.30712104,0.32157764
404,2013,96,0.37101077,0.32846861,0.34281647
404,2013,97,0.39222613,0.34934065,0.36347251
404,2013,98,0.41282087,0.36954083,0.38335313
404,2013,99,0.4388864,0.39674844,0.40972366
404,2013,100,0.49495849,0.45787028,0.46856983
404,2014,0,0.04012068,0.03262109,0.03639924
404,2014,1,0.00545192,0.00576676,0.00560821
404,2014,2,0.00358159,0.00355151,0.00356666
404,2014,3,0.00249937,0.00239006,0.00244509
404,2014,4,0.00184174,0.00170864,0.0017756
404,2014,5,0.00139391,0.00129424,0.00134436
404,2014,6,0.00120001,0.00108458,0.00114258
404,2014,7,0.00108002,0.00096215,0.00102134
404,2014,8,0.00097601,0.00086932,0.00092287
404,2014,9,0.00090291,0.00081841,0.00086081
404,2014,10,0.00087733,0.00079282,0.00083519
404,2014,11,0.00089832,0.00078672,0.00084265
404,2014,12,0.00093753,0.00082623,0.00088197
404,2014,13,0.00101558,0.0009134,0.00096452
404,2014,14,0.00115808,0.00103603,0.00109701
404,2014,15,0.00136318,0.00121336,0.00128809
404,2014,16,0.00160614,0.00138246,0.00149389
404,2014,17,0.0019162,0.0015821,0.00174828
404,2014,18,0.0022479,0.0017989,0.00202194
404,2014,19,0.00249925,0.00200096,0.0022482
404,2014,20,0.00276028,0.00221541,0.00248551
404,2014,21,0.00301465,0.00237464,0.00269168
404,2014,22,0.00327228,0.0026045,0.00293521
404,2014,23,0.00351434,0.00283482,0.00317139
404,2014,24,0.00374704,0.00307331,0.00340717
404,2014,25,0.00400134,0.0033248,0.00366039
404,2014,26,0.0042374,0.00359896,0.00391614
404,2014,27,0.00451788,0.00387421,0.00419458
404,2014,28,0.00480205,0.0041172,0.00445873
404,2014,29,0.00509616,0.00440923,0.0047525
404,2014,30,0.00545459,0.00466863,0.00506226
404,2014,31,0.00574801,0.00489272,0.00532195
404,2014,32,0.00614152,0.00522032,0.0056834
404,2014,33,0.00653917,0.00551525,0.00603061
404,2014,34,0.00699747,0.00584348,0.00642484
404,2014,35,0.00748423,0.00624465,0.00686945
404,2014,36,0.00794311,0.0065679,0.00726125
404,2014,37,0.00845854,0.00690404,0.00768784
404,2014,38,0.0089576,0.0072565,0.00811393
404,2014,39,0.00945598,0.00759802,0.00853391
404,2014,40,0.01005309,0.00795136,0.00900932
404,2014,41,0.01049309,0.00829205,0.00939926
404,2014,42,0.01108212,0.00862189,0.0098584
404,2014,43,0.01164913,0.00900289,0.01033153
404,2014,44,0.01228246,0.00940413,0.01084785
404,2014,45,0.01301887,0.00988999,0.01145761
404,2014,46,0.01370887,0.0103585,0.01203506
404,2014,47,0.01448486,0.01090535,0.01269421
404,2014,48,0.01534395,0.0115039,0.01342013
404,2014,49,0.01621297,0.01213366,0.01416577
404,2014,50,0.01729514,0.0128157,0.01504266
404,2014,51,0.01806787,0.01340507,0.01571809
404,2014,52,0.01910896,0.01412609,0.01659206
404,2014,53,0.02005229,0.01479107,0.01738785
404,2014,54,0.02109764,0.01554353,0.01827689
404,2014,55,0.02227192,0.01636748,0.01926442
404,2014,56,0.02340397,0.01727384,0.02027179
404,2014,57,0.02473535,0.01825437,0.0214128
404,2014,58,0.02630534,0.01937681,0.02274047
404,2014,59,0.02802077,0.02060961,0.02419229
404,2014,60,0.03035595,0.02207792,0.02606078
404,2014,61,0.03214593,0.02359322,0.02768824
404,2014,62,0.03461614,0.02541978,0.02980071
404,2014,63,0.03694124,0.02735948,0.03189941
404,2014,64,0.03948298,0.02952917,0.03442951
404,2014,65,0.04224242,0.03199282,0.03718896
404,2014,66,0.04412119,0.0336677,0.03890124
404,2014,67,0.0463557,0.03564114,0.04088331
404,2014,68,0.04889451,0.03784774,0.04308283
404,2014,69,0.05158069,0.04018908,0.04541339
404,2014,70,0.05523555,0.04320364,0.04854148
404,2014,71,0.0580567,0.04567227,0.05097429
404,2014,72,0.06238857,0.04929797,0.05468631
404,2014,73,0.06635378,0.05259848,0.05804791
404,2014,74,0.07081244,0.05636304,0.06190893
404,2014,75,0.0757136,0.0604003,0.06613948
404,2014,76,0.0808416,0.06443231,0.07049333
404,2014,77,0.08632095,0.06850594,0.07504948
404,2014,78,0.09323907,0.07392538,0.08100693
404,2014,79,0.09975356,0.07840154,0.08622306
404,2014,80,0.10818764,0.08512072,0.09355851
404,2014,81,0.11656159,0.09142192,0.10061455
404,2014,82,0.12887418,0.10281548,0.11237032
404,2014,83,0.14049547,0.11315562,0.12319311
404,2014,84,0.1539479,0.1253067,0.13580038
404,2014,85,0.16654834,0.13700499,0.14781646
404,2014,86,0.18118518,0.15014593,0.16154198
404,2014,87,0.19574651,0.16277582,0.17496219
404,2014,88,0.21152144,0.17711249,0.18985124
404,2014,89,0.22748822,0.19118824,0.20452699
404,2014,90,0.24644896,0.21033874,0.22344234
404,2014,91,0.26238024,0.22249001,0.23679119
404,2014,92,0.28390351,0.24313724,0.25762948
404,2014,93,0.30434011,0.26209443,0.27696371
404,2014,94,0.32593978,0.28297273,0.29788139
404,2014,95,0.34829684,0.30591518,0.3203901
404,2014,96,0.37002217,0.32724719,0.34160037
404,2014,97,0.39123549,0.34810379,0.36225476
404,2014,98,0.4118334,0.36828696,0.38216601
404,2014,99,0.43790058,0.3955134,0.40852743
404,2014,100,0.49406389,0.45675711,0.46737032
404,2015,0,0.03933254,0.0318657,0.03562736
404,2015,1,0.00523068,0.00569964,0.00546346
404,2015,2,0.00343638,0.00350674,0.00347131
404,2015,3,0.0024018,0.00236025,0.00238117
404,2015,4,0.00177447,0.00168744,0.00173125
404,2015,5,0.00134601,0.00127813,0.00131228
404,2015,6,0.00116074,0.00107013,0.00111569
404,2015,7,0.00104678,0.00094816,0.00099771
404,2015,8,0.00094709,0.00085559,0.00090154
404,2015,9,0.00087702,0.00080443,0.00084086
404,2015,10,0.00085311,0.00077853,0.00081594
404,2015,11,0.00087482,0.00077223,0.00082366
404,2015,12,0.00091394,0.00081037,0.00086225
404,2015,13,0.00099122,0.00089472,0.00094301
404,2015,14,0.00113209,0.00101335,0.00107268
404,2015,15,0.00133512,0.00118498,0.00125987
404,2015,16,0.00157638,0.00134925,0.00146232
404,2015,17,0.0018832,0.00154226,0.00171165
404,2015,18,0.00221221,0.00175117,0.00197977
404,2015,19,0.00245763,0.00194592,0.00219921
404,2015,20,0.0027112,0.00215211,0.00242849
404,2015,21,0.00295815,0.00230536,0.00262775
404,2015,22,0.00320899,0.00252555,0.00286293
404,2015,23,0.00344539,0.00274642,0.0030915
404,2015,24,0.00367252,0.00297516,0.00331969
404,2015,25,0.0039213,0.00321549,0.0035646
404,2015,26,0.00415235,0.00347795,0.00381214
404,2015,27,0.00442723,0.00374186,0.00408231
404,2015,28,0.00470598,0.00397578,0.00433947
404,2015,29,0.00499522,0.00425544,0.00462488
404,2015,30,0.00534686,0.00450642,0.00492725
404,2015,31,0.005636,0.00472124,0.00518052
404,2015,32,0.00602264,0.00503841,0.00553376
404,2015,33,0.00641411,0.00532365,0.00587349
404,2015,34,0.00686619,0.00564116,0.00625967
404,2015,35,0.00734565,0.0060289,0.00669429
404,2015,36,0.00779907,0.00634329,0.0070792
404,2015,37,0.00830965,0.00666965,0.00749868
404,2015,38,0.00880509,0.00701517,0.00791978
404,2015,39,0.00930151,0.00734801,0.00833463
404,2015,40,0.00989445,0.00769702,0.00880576
404,2015,41,0.01033644,0.00802696,0.00919111
404,2015,42,0.01092395,0.00835724,0.0096499
404,2015,43,0.01149327,0.00872951,0.0101199
404,2015,44,0.01212713,0.00912378,0.01063289
404,2015,45,0.01286475,0.00960187,0.01123941
404,2015,46,0.01355894,0.0100609,0.01181414
404,2015,47,0.01433771,0.01059816,0.01246984
404,2015,48,0.01519803,0.01118952,0.01319278
404,2015,49,0.01607149,0.01180865,0.01393542
404,2015,50,0.01715426,0.01248739,0.01481107
404,2015,51,0.01793584,0.01306374,0.01548392
404,2015,52,0.01898093,0.01378398,0.01635886
404,2015,53,0.01993371,0.01444065,0.01715472
404,2015,54,0.02098764,0.0151868,0.01804425
404,2015,55,0.02217054,0.01600024,0.01902973
404,2015,56,0.02331298,0.01689816,0.02003704
404,2015,57,0.02465495,0.01786593,0.02117595
404,2015,58,0.0262308,0.01898136,0.02250196
404,2015,59,0.02795265,0.02019896,0.0239484
404,2015,60,0.03028647,0.02166709,0.02581529
404,2015,61,0.03208559,0.02315222,0.02742941
404,2015,62,0.0345574,0.02497109,0.02953691
404,2015,63,0.0368878,0.02688761,0.03162462
404,2015,64,0.03943537,0.02903314,0.03393223
404,2015,65,0.04220158,0.03147042,0.03671656
404,2015,66,0.04407644,0.03312658,0.0386352
404,2015,67,0.0463064,0.0350887,0.04066067
404,2015,68,0.0488358,0.03728759,0.04289306
404,2015,69,0.05151117,0.03960699,0.04520456
404,2015,70,0.05513433,0.0426261,0.04831823
404,2015,71,0.05794646,0.04506224,0.0507342
404,2015,72,0.06224461,0.04868334,0.05444464
404,2015,73,0.0661831,0.05196511,0.05777284
404,2015,74,0.07060738,0.05571711,0.06157129
404,2015,75,0.07546704,0.05974252,0.06573064
404,2015,76,0.08055687,0.06376886,0.07000858
404,2015,77,0.08598858,0.06783735,0.07448179
404,2015,78,0.09284732,0.07326255,0.08038719
404,2015,79,0.09930491,0.07775109,0.08557298
404,2015,80,0.10766237,0.08449508,0.09288934
404,2015,81,0.11602364,0.09077804,0.09990804
404,2015,82,0.1282822,0.10212001,0.11157631
404,2015,83,0.13986652,0.1124233,0.12236972
404,2015,84,0.15326926,0.12452879,0.1349589
404,2015,85,0.16584309,0.13619039,0.14693442
404,2015,86,0.18045165,0.14930918,0.16058482
404,2015,87,0.1949886,0.16190323,0.17391799
404,2015,88,0.21072877,0.17620006,0.18881109
404,2015,89,0.22668424,0.19025737,0.20357268
404,2015,90,0.24560248,0.20934953,0.22250685
404,2015,91,0.26156688,0.22149746,0.23586818
404,2015,92,0.28306921,0.24210698,0.25662404
404,2015,93,0.30350561,0.26104515,0.27595193
404,2015,94,0.32509083,0.28190043,0.29688296
404,2015,95,0.34738656,0.30482103,0.31934354
404,2015,96,0.36910486,0.32613965,0.34050986
404,2015,97,0.39031542,0.34698155,0.36113644
404,2015,98,0.41091528,0.36714738,0.3810459
404,2015,99,0.43698208,0.39439156,0.40745669
404,2015,100,0.4932291,0.45574552,0.46632042
404,2016,0,0.03855106,0.03110978,0.03485871
404,2016,1,0.00500389,0.00561724,0.00530835
404,2016,2,0.00329114,0.00345369,0.00337183
404,2016,3,0.00230365,0.00232368,0.00231359
404,2016,4,0.00170598,0.00166036,0.00168333
404,2016,5,0.00129624,0.00125691,0.0012767
404,2016,6,0.00111982,0.00105148,0.00108586
404,2016,7,0.00101214,0.00093092,0.00097176
404,2016,8,0.00091699,0.00083945,0.00087841
404,2016,9,0.00085015,0.00078885,0.00081962
404,2016,10,0.00082821,0.00076327,0.00079586
404,2016,11,0.00085101,0.00075715,0.00080423
404,2016,12,0.00089021,0.00079435,0.00084238
404,2016,13,0.00096675,0.00087647,0.00092164
404,2016,14,0.001106,0.00099191,0.00104891
404,2016,15,0.00130707,0.00115903,0.00123285
404,2016,16,0.00154649,0.00131942,0.00143237
404,2016,17,0.00185049,0.00150734,0.00167759
404,2016,18,0.00217717,0.00171016,0.00194125
404,2016,19,0.002417,0.00189935,0.00215486
404,2016,20,0.00266385,0.00209932,0.00237743
404,2016,21,0.00290445,0.00224805,0.00257098
404,2016,22,0.00315008,0.00246109,0.00279982
404,2016,23,0.00338258,0.00267505,0.00302292
404,2016,24,0.003606,0.00289668,0.00324573
404,2016,25,0.00385139,0.0031289,0.00348501
404,2016,26,0.00407936,0.00338289,0.00372696
404,2016,27,0.00435096,0.00363862,0.00399158
404,2016,28,0.00462662,0.00386592,0.00424416
404,2016,29,0.00491348,0.00413662,0.00452429
404,2016,30,0.0052613,0.00438134,0.00482198
404,2016,31,0.0055486,0.00458941,0.0050713
404,2016,32,0.00593096,0.00489882,0.00541901
404,2016,33,0.00631887,0.00517685,0.00575395
404,2016,34,0.00676773,0.00548637,0.00613515
404,2016,35,0.00724286,0.00586418,0.00656311
404,2016,36,0.00769343,0.00617175,0.0069437
404,2016,37,0.00820211,0.00649063,0.0073589
404,2016,38,0.00869609,0.00683042,0.00777655
404,2016,39,0.00919271,0.00715632,0.00818838
404,2016,40,0.00978387,0.00750131,0.00865689
404,2016,41,0.01022932,0.0078228,0.00903955
404,2016,42,0.01081659,0.0081522,0.00949768
404,2016,43,0.01138993,0.00851734,0.00996631
404,2016,44,0.0120259,0.00890561,0.01047745
404,2016,45,0.01276625,0.00937702,0.01108189
404,2016,46,0.01346609,0.00982812,0.01165551
404,2016,47,0.01424888,0.01035726,0.01230908
404,2016,48,0.01511161,0.01094199,0.01302988
404,2016,49,0.01599024,0.01155196,0.01377046
404,2016,50,0.01707497,0.01222647,0.01464513
404,2016,51,0.01786544,0.012792,0.01531679
404,2016,52,0.01891413,0.0135095,0.01619157
404,2016,53,0.01987609,0.01415839,0.01698713
404,2016,54,0.02093822,0.01489789,0.01787668
404,2016,55,0.02213044,0.01570164,0.01886106
404,2016,56,0.02328208,0.01659099,0.01986723
404,2016,57,0.02463479,0.017547,0.02100422
404,2016,58,0.0262164,0.01865408,0.0223277
404,2016,59,0.02794547,0.0198572,0.02376891
404,2016,60,0.03028043,0.02132079,0.02563303
404,2016,61,0.03208961,0.02278039,0.02723746
404,2016,62,0.03456321,0.02458847,0.0293377
404,2016,63,0.03689887,0.02648312,0.03141435
404,2016,64,0.03945226,0.02860551,0.03371075
404,2016,65,0.04222461,0.03101736,0.03625967
404,2016,66,0.04409159,0.03265431,0.03820122
404,2016,67,0.0463111,0.0346017,0.04044104
404,2016,68,0.04882505,0.03678752,0.04271312
404,2016,69,0.05148397,0.03908298,0.04504823
404,2016,70,0.0550704,0.04209521,0.0481423
404,2016,71,0.05786839,0.04450084,0.05053062
404,2016,72,0.06212636,0.0481086,0.05422544
404,2016,73,0.06603286,0.05136906,0.05754448
404,2016,74,0.07041743,0.05510431,0.06130617
404,2016,75,0.07523069,0.05911298,0.0653964
404,2016,76,0.08027677,0.06312897,0.06960311
404,2016,77,0.08565551,0.06718633,0.07399019
404,2016,78,0.09244846,0.07260666,0.07980418
404,2016,79,0.09884223,0.0770969,0.08493314
404,2016,80,0.1071161,0.08385139,0.09221174
404,2016,81,0.11546232,0.09011346,0.09920614
404,2016,82,0.12766477,0.10140127,0.11080543
404,2016,83,0.13920974,0.11166452,0.12152606
404,2016,84,0.15256005,0.12372041,0.13407551
404,2016,85,0.16510421,0.13534071,0.14604654
404,2016,86,0.17968154,0.14843231,0.15966141
404,2016,87,0.19419149,0.16098576,0.17291254
404,2016,88,0.20989446,0.17523748,0.18771802
404,2016,89,0.22583593,0.1892702,0.20249881
404,2016,90,0.2447094,0.20829826,0.22147486
404,2016,91,0.26070494,0.22043781,0.23490388
404,2016,92,0.28218559,0.24100657,0.25562506
404,2016,93,0.30262211,0.25992394,0.27489706
404,2016,94,0.32419402,0.28075464,0.29581066
404,2016,95,0.34643026,0.30365215,0.31825566
404,2016,96,0.36814346,0.32495649,0.33939587
404,2016,97,0.38935324,0.3457833,0.35999076
404,2016,98,0.4099572,0.3659324,0.37987151
404,2016,99,0.43602621,0.39319599,0.40629329
404,2016,100,0.49236267,0.45466977,0.46525056
404,2017,0,0.03782503,0.03040565,0.03414361
404,2017,1,0.00483346,0.00555464,0.0051914
404,2017,2,0.00318343,0.00341727,0.00329948
404,2017,3,0.00223194,0.00230006,0.00226575
404,2017,4,0.00165649,0.00164356,0.00165007
404,2017,5,0.00126078,0.00124408,0.00125249
404,2017,6,0.00109052,0.00104003,0.00106544
404,2017,7,0.00098718,0.00091999,0.00095379
404,2017,8,0.00089521,0.00082873,0.00086216
404,2017,9,0.00083056,0.00077787,0.00080434
404,2017,10,0.00080981,0.0007519,0.00078097
404,2017,11,0.0008331,0.00074547,0.00078945
404,2017,12,0.00087216,0.00078172,0.00082708
404,2017,13,0.00094875,0.00086204,0.00090547
404,2017,14,0.00108852,0.00097485,0.00103169
404,2017,15,0.00129055,0.00113831,0.00121431
404,2017,16,0.00153151,0.00129547,0.00141306
404,2017,17,0.00183601,0.00147935,0.00165657
404,2017,18,0.0021646,0.00167738,0.00191877
404,2017,19,0.00240535,0.00186239,0.00213064
404,2017,20,0.00265216,0.00205776,0.00235067
404,2017,21,0.00289157,0.00220321,0.00254175
404,2017,22,0.00313403,0.002411,0.00276613
404,2017,23,0.00336252,0.00261992,0.00298446
404,2017,24,0.00358199,0.00283638,0.00320251
404,2017,25,0.00382351,0.00306265,0.00343669
404,2017,26,0.00404791,0.00331043,0.00367369
404,2017,27,0.00431552,0.00356018,0.00393322
404,2017,28,0.0045869,0.00378254,0.0041811
404,2017,29,0.00486933,0.00404656,0.00445578
404,2017,30,0.00521108,0.0042865,0.00474812
404,2017,31,0.00549421,0.00448951,0.00499295
404,2017,32,0.00587078,0.00479301,0.0053349
404,2017,33,0.00625386,0.00506558,0.00566495
404,2017,34,0.00669805,0.00536912,0.00604122
404,2017,35,0.00716767,0.00573951,0.00646315
404,2017,36,0.00761406,0.00604189,0.00683943
404,2017,37,0.00811902,0.00635512,0.00725039
404,2017,38,0.00860978,0.00669047,0.00766449
404,2017,39,0.00910437,0.00701113,0.00807283
404,2017,40,0.00969176,0.00735302,0.00853826
404,2017,41,0.01013825,0.00766822,0.00891844
404,2017,42,0.01072384,0.0079966,0.00937501
404,2017,43,0.01129893,0.00835625,0.0098415
404,2017,44,0.01193511,0.0087398,0.01035049
404,2017,45,0.01267608,0.0092059,0.01095255
404,2017,46,0.01337892,0.0096507,0.01152423
404,2017,47,0.01416341,0.01017327,0.01217526
404,2017,48,0.0150265,0.0107523,0.01289319
404,2017,49,0.01590779,0.01135457,0.01363115
404,2017,50,0.01699215,0.0120248,0.01450351
404,2017,51,0.01778863,0.01258142,0.01517396
404,2017,52,0.01883903,0.01329558,0.01604822
404,2017,53,0.01980756,0.01393774,0.01684349
404,2017,54,0.02087593,0.01467119,0.01773254
404,2017,55,0.02207497,0.0154667,0.01871586
404,2017,56,0.02323406,0.01634844,0.01972145
404,2017,57,0.02459448,0.01729446,0.02085639
404,2017,58,0.02617932,0.01839371,0.02217687
404,2017,59,0.02791226,0.01958444,0.02361317
404,2017,60,0.03024484,0.02104257,0.02547267
404,2017,61,0.03206009,0.02248164,0.02706887
404,2017,62,0.03453275,0.0242792,0.0291625
404,2017,63,0.03687084,0.02615529,0.03122855
404,2017,64,0.03942722,0.02825803,0.03351459
404,2017,65,0.04220302,0.03064819,0.03605279
404,2017,66,0.04406479,0.03226833,0.03775057
404,2017,67,0.04627742,0.03420161,0.04001875
404,2017,68,0.04878056,0.03637438,0.04251807
404,2017,69,0.05142804,0.03864883,0.044894
404,2017,70,0.05498496,0.04165095,0.04801664
404,2017,71,0.05777306,0.0440303,0.0503849
404,2017,72,0.06199752,0.04762023,0.05405234
404,2017,73,0.06587642,0.05085649,0.05735419
404,2017,74,0.07022568,0.05456949,0.06110341
404,2017,75,0.07499732,0.05855482,0.06515123
404,2017,76,0.08000534,0.06255428,0.06928956
404,2017,77,0.0853391,0.06659478,0.0735963
404,2017,78,0.09207814,0.07200366,0.07931525
404,2017,79,0.09842362,0.07649086,0.08435059
404,2017,80,0.10663277,0.08324999,0.0915675
404,2017,81,0.11497054,0.08949534,0.09852414
404,2017,82,0.12712363,0.10073363,0.11006354
404,2017,83,0.13863607,0.11096205,0.12072541
404,2017,84,0.15194182,0.12297497,0.13318866
404,2017,85,0.16446434,0.13456137,0.14513168
404,2017,86,0.17901827,0.14763337,0.15874278
404,2017,87,0.19350825,0.16015395,0.17194063
404,2017,88,0.20918118,0.17436921,0.18665562
404,2017,89,0.22511607,0.1883869,0.20137285
404,2017,90,0.24395177,0.20736068,0.22034952
404,2017,91,0.25998295,0.21949974,0.23385683
404,2017,92,0.28144383,0.24003306,0.25459022
404,2017,93,0.30187932,0.25893284,0.27383975
404,2017,94,0.32343527,0.27974188,0.29470472
404,2017,95,0.34560859,0.3026186,0.31715209
404,2017,96,0.36731217,0.32391012,0.33834034
404,2017,97,0.38851644,0.34472231,0.35895428
404,2017,98,0.40911912,0.36485362,0.37885472
404,2017,99,0.43518367,0.39213331,0.40532816
404,2017,100,0.49159371,0.45371053,0.4643563
404,2018,0,0.03713129,0.02974621,0.03346711
404,2018,1,0.004789,0.00550087,0.00514232
404,2018,2,0.00315124,0.00338015,0.00326484
404,2018,3,0.00220785,0.00227128,0.00223933
404,2018,4,0.0016383,0.00162087,0.00162965
404,2018,5,0.00124638,0.00122563,0.00123608
404,2018,6,0.00107828,0.00102457,0.00105162
404,2018,7,0.00097635,0.00090694,0.00094188
404,2018,8,0.00088543,0.00081737,0.00085161
404,2018,9,0.00082149,0.00076777,0.00079478
404,2018,10,0.00080113,0.00074253,0.00077197
404,2018,11,0.00082453,0.00073642,0.00078065
404,2018,12,0.00086339,0.00077277,0.00081823
404,2018,13,0.00093911,0.00085303,0.00089616
404,2018,14,0.00107706,0.00096563,0.00102138
404,2018,15,0.0012766,0.00112902,0.00120271
404,2018,16,0.00151437,0.00128577,0.00139969
404,2018,17,0.00181573,0.00147027,0.00164198
404,2018,18,0.00214064,0.00166905,0.00190272
404,2018,19,0.00237775,0.00185533,0.00211335
404,2018,20,0.00262122,0.00205254,0.00233256
404,2018,21,0.00285812,0.00219931,0.00252287
404,2018,22,0.00309947,0.00240974,0.00274785
404,2018,23,0.00332785,0.00262155,0.00296745
404,2018,24,0.00354742,0.00284109,0.00318698
404,2018,25,0.00378925,0.00307085,0.00342298
404,2018,26,0.0040139,0.0033225,0.00366205
404,2018,27,0.00428188,0.00357616,0.00392371
404,2018,28,0.00455367,0.00380129,0.00417307
404,2018,29,0.00483673,0.00406929,0.00445
404,2018,30,0.00517915,0.00431132,0.00474368
404,2018,31,0.00546301,0.00451713,0.00499037
404,2018,32,0.00583956,0.00482327,0.00533372
404,2018,33,0.0062227,0.00509825,0.00566504
404,2018,34,0.00666692,0.00540454,0.00604293
404,2018,35,0.00713623,0.0057786,0.00646694
404,2018,36,0.00758222,0.00608247,0.00684417
404,2018,37,0.00808677,0.00639746,0.00725624
404,2018,38,0.00857642,0.00673255,0.00767013
404,2018,39,0.00907008,0.00705358,0.00807851
404,2018,40,0.00965589,0.00739373,0.00854253
404,2018,41,0.01010116,0.00771002,0.008923
404,2018,42,0.01068378,0.00803392,0.00937619
404,2018,43,0.01125684,0.00839361,0.00984159
404,2018,44,0.0118903,0.00877621,0.01034858
404,2018,45,0.01262783,0.00924119,0.01094861
404,2018,46,0.01332767,0.00968527,0.01151853
404,2018,47,0.01410814,0.01020666,0.01216681
404,2018,48,0.01496647,0.01078249,0.01288084
404,2018,49,0.01584264,0.01138242,0.01361504
404,2018,50,0.0169209,0.01204619,0.01448124
404,2018,51,0.01771235,0.01260147,0.01514856
404,2018,52,0.01875498,0.01330685,0.0160149
404,2018,53,0.01971665,0.01394466,0.01680499
404,2018,54,0.02077715,0.01467175,0.01768694
404,2018,55,0.02196869,0.01546243,0.0186638
404,2018,56,0.0231184,0.01633706,0.0196611
404,2018,57,0.02446985,0.01727719,0.02078858
404,2018,58,0.0260437,0.0183653,0.02209755
404,2018,59,0.02776592,0.01954722,0.02352387
404,2018,60,0.03008521,0.02098684,0.02536747
404,2018,61,0.03188966,0.02242204,0.02695635
404,2018,62,0.03434577,0.02420021,0.02903218
404,2018,63,0.03666832,0.02606353,0.03108425
404,2018,64,0.03920782,0.02815159,0.03335331
404,2018,65,0.04196464,0.03052479,0.03587298
404,2018,66,0.04381372,0.03212838,0.03755625
404,2018,67,0.04601001,0.03403811,0.03956228
404,2018,68,0.04849581,0.03618234,0.04206735
404,2018,69,0.05112696,0.03843229,0.04466577
404,2018,70,0.05465998,0.04138863,0.04781721
404,2018,71,0.05743536,0.04375089,0.05022461
404,2018,72,0.0616323,0.0472942,0.05386249
404,2018,73,0.06549116,0.05049704,0.05714097
404,2018,74,0.06981811,0.05417219,0.06087443
404,2018,75,0.07456614,0.05811585,0.06491234
404,2018,76,0.07955534,0.06208179,0.06901963
404,2018,77,0.08486912,0.06608473,0.07325803
404,2018,78,0.09158271,0.07144739,0.07888814
404,2018,79,0.09791299,0.07589847,0.08382989
404,2018,80,0.10609815,0.08261831,0.09093973
404,2018,81,0.11442158,0.08884303,0.09783806
404,2018,82,0.12651988,0.10002795,0.10930899
404,2018,83,0.13799404,0.11021692,0.11992629
404,2018,84,0.15124875,0.1221811,0.13232202
404,2018,85,0.16374269,0.13372695,0.14419612
404,2018,86,0.17826643,0.14677211,0.15778554
404,2018,87,0.19273036,0.15925277,0.17097234
404,2018,88,0.20836719,0.17342351,0.18563362
404,2018,89,0.22428894,0.18741671,0.20028348
404,2018,90,0.24308106,0.20632711,0.21917405
404,2018,91,0.25914331,0.21845777,0.23271672
404,2018,92,0.2805827,0.23895076,0.2535012
404,2018,93,0.30101793,0.25783,0.27278071
404,2018,94,0.3225603,0.27861479,0.29361814
404,2018,95,0.34467433,0.30146862,0.3159926
404,2018,96,0.36637236,0.32274589,0.33717463
404,2018,97,0.38757536,0.34354286,0.35780413
404,2018,98,0.40818153,0.36365732,0.37769491
404,2018,99,0.43424755,0.39095581,0.40418332
404,2018,100,0.49074491,0.45265132,0.46334494
404,2019,0,0.03644685,0.02912477,0.03281387
404,2019,1,0.00474342,0.00544535,0.0050918
404,2019,2,0.00312319,0.00334728,0.0032344
404,2019,3,0.00218828,0.00224803,0.00221793
404,2019,4,0.00162393,0.0016035,0.00161379
404,2019,5,0.00123536,0.00121214,0.00122383
404,2019,6,0.00106894,0.00101348,0.00104141
404,2019,7,0.00096811,0.00089768,0.00093314
404,2019,8,0.00087807,0.00080938,0.00084395
404,2019,9,0.00081472,0.00076065,0.00078785
404,2019,10,0.00079465,0.00073585,0.00076541
404,2019,11,0.00081802,0.00072991,0.00077417
404,2019,12,0.00085663,0.00076612,0.00081153
404,2019,13,0.00093159,0.00084597,0.00088886
404,2019,14,0.001068,0.0009579,0.00101297
404,2019,15,0.00126541,0.00112055,0.00119286
404,2019,16,0.00150051,0.00127639,0.00138798
404,2019,17,0.00179902,0.00146061,0.00162863
404,2019,18,0.00212064,0.00165908,0.00188749
404,2019,19,0.00235461,0.00184554,0.00209652
404,2019,20,0.00259509,0.00204329,0.00231437
404,2019,21,0.00282958,0.00219047,0.0025035
404,2019,22,0.0030695,0.00240191,0.00272811
404,2019,23,0.00329725,0.00261497,0.00294791
404,2019,24,0.00351635,0.00283585,0.00316785
404,2019,25,0.00375783,0.00306714,0.00340445
404,2019,26,0.00398214,0.00332054,0.00364436
404,2019,27,0.00424978,0.00357602,0.00390687
404,2019,28,0.00452119,0.00380232,0.00415675
404,2019,29,0.00480391,0.00407206,0.00443449
404,2019,30,0.00514586,0.00431478,0.00472833
404,2019,31,0.00542946,0.00452178,0.00497569
404,2019,32,0.00580509,0.0048288,0.00531932
404,2019,33,0.00618741,0.00510458,0.00565091
404,2019,34,0.00663065,0.00541181,0.00602902
404,2019,35,0.00709865,0.00578718,0.00645342
404,2019,36,0.00754336,0.00609116,0.00683065
404,2019,37,0.00804645,0.00640638,0.00724267
404,2019,38,0.00853417,0.00674044,0.00765557
404,2019,39,0.00902604,0.00706076,0.00806323
404,2019,40,0.00960935,0.007399,0.00852551
404,2019,41,0.01005273,0.00771492,0.00890494
404,2019,42,0.01063189,0.0080353,0.00935524
404,2019,43,0.0112022,0.00839402,0.00981911
404,2019,44,0.01183231,0.00877505,0.01032364
404,2019,45,0.01256581,0.00923824,0.01092067
404,2019,46,0.01326205,0.00968065,0.01148824
404,2019,47,0.01403804,0.01019998,0.01213336
404,2019,48,0.01489124,0.01077239,0.01284301
404,2019,49,0.01576201,0.0113692,0.01357303
404,2019,50,0.01683374,0.01202741,0.01443324
404,2019,51,0.01762013,0.0125801,0.01509658
404,2019,52,0.01865527,0.01327837,0.01595546
404,2019,53,0.01961028,0.01391175,0.01674006
404,2019,54,0.02066322,0.01463302,0.01761547
404,2019,55,0.02184714,0.01541862,0.01858576
404,2019,56,0.02298806,0.01628659,0.01957471
404,2019,57,0.02433062,0.01722055,0.02069434
404,2019,58,0.02589373,0.01829905,0.02199274
404,2019,59,0.02760519,0.01947227,0.02340855
404,2019,60,0.02991061,0.02089729,0.02523736
404,2019,61,0.03170416,0.02232598,0.02681742
404,2019,62,0.03414402,0.02408798,0.02887667
404,2019,63,0.0364514,0.02593854,0.03091485
404,2019,64,0.03897439,0.0280122,0.03316833
404,2019,65,0.04171278,0.03036895,0.03566902
404,2019,66,0.04355073,0.03195655,0.0373377
404,2019,67,0.04573287,0.03384551,0.03932604
404,2019,68,0.04820344,0.03596546,0.04156882
404,2019,69,0.05082008,0.03819273,0.04417342
404,2019,70,0.05433089,0.04111221,0.04753791
404,2019,71,0.05709505,0.04345583,0.04999323
404,2019,72,0.0612669,0.04695917,0.05365461
404,2019,73,0.06510735,0.05013001,0.05691613
404,2019,74,0.06941315,0.05376938,0.06062472
404,2019,75,0.0741384,0.0576736,0.06464782
404,2019,76,0.07910985,0.06160759,0.06875702
404,2019,77,0.08440505,0.06557549,0.0729681
404,2019,78,0.09109531,0.07089751,0.07852831
404,2019,79,0.09741262,0.0753173,0.08340091
404,2019,80,0.10557608,0.08200443,0.09041864
404,2019,81,0.11388624,0.08821001,0.09723155
404,2019,82,0.12593112,0.0993433,0.10861799
404,2019,83,0.13736834,0.10949471,0.11918839
404,2019,84,0.15057364,0.12141253,0.13153898
404,2019,85,0.16304054,0.13292047,0.14337037
404,2019,86,0.17753566,0.14594141,0.15690865
404,2019,87,0.19197492,0.15838496,0.17007654
404,2019,88,0.20757721,0.17251434,0.18473187
404,2019,89,0.22348732,0.18648644,0.1993599
404,2019,90,0.24223743,0.20533715,0.21816507
404,2019,91,0.25833149,0.21746237,0.23168038
404,2019,92,0.27974974,0.2379173,0.25247642
404,2019,93,0.30018451,0.25677766,0.27181567
404,2019,94,0.32171309,0.27753979,0.29266647
404,2019,95,0.34376779,0.30037207,0.3149884
404,2019,96,0.36545983,0.32163595,0.3361109
404,2019,97,0.38666102,0.34241795,0.35671457
404,2019,98,0.40726981,0.36251508,0.37659034
404,2019,99,0.43333587,0.38983089,0.40307059
404,2019,100,0.48991707,0.45163816,0.46234395
404,2020,0,0.03585371,0.02857525,0.03224241
404,2020,1,0.00589417,0.00619472,0.00604333
404,2020,2,0.00503812,0.00461223,0.00482674
404,2020,3,0.00416019,0.00355342,0.00385902
404,2020,4,0.00319913,0.00263237,0.00291784
404,2020,5,0.00223228,0.00183699,0.00203609
404,2020,6,0.00154661,0.00127286,0.00141073
404,2020,7,0.00122153,0.00099658,0.00110986
404,2020,8,0.00113995,0.00090643,0.001024
404,2020,9,0.0010943,0.00085709,0.00097647
404,2020,10,0.00109616,0.00083185,0.00096479
404,2020,11,0.00114005,0.00082468,0.0009832
404,2020,12,0.0011911,0.00085775,0.00102513
404,2020,13,0.00127218,0.00092397,0.00109852
404,2020,14,0.00141368,0.00100979,0.00121191
404,2020,15,0.00161519,0.00114266,0.0013787
404,2020,16,0.00185157,0.00127377,0.00156169
404,2020,17,0.00215128,0.00144755,0.0017972
404,2020,18,0.00243717,0.00164533,0.00203752
404,2020,19,0.00258559,0.00183158,0.00220367
404,2020,20,0.00272566,0.00202937,0.00237165
404,2020,21,0.00287765,0.00217659,0.00251999
404,2020,22,0.0030867,0.00238837,0.00272945
404,2020,23,0.00332066,0.00260197,0.00295224
404,2020,24,0.0035466,0.00282348,0.00317558
404,2020,25,0.00379657,0.00305547,0.00341646
404,2020,26,0.0040285,0.00330975,0.00366043
404,2020,27,0.00430552,0.00356617,0.00392796
404,2020,28,0.00458562,0.00379297,0.00418237
404,2020,29,0.00487705,0.00406354,0.00446503
404,2020,30,0.00522893,0.00430639,0.00476391
404,2020,31,0.0055212,0.0045139,0.00501602
404,2020,32,0.00590559,0.00482108,0.00536449
404,2020,33,0.00629801,0.00509702,0.0057017
404,2020,34,0.00675315,0.00540451,0.00608639
404,2020,35,0.00723215,0.00578038,0.00651705
404,2020,36,0.00768682,0.00608405,0.00689983
404,2020,37,0.00820123,0.00639907,0.00731831
404,2020,38,0.00869623,0.00677103,0.00775412
404,2020,39,0.00919605,0.00718845,0.0082139
404,2020,40,0.00978678,0.00765321,0.00874254
404,2020,41,0.0102357,0.00809816,0.00918837
404,2020,42,0.01081657,0.00851804,0.00968873
404,2020,43,0.01141492,0.00896059,0.01020872
404,2020,44,0.01210591,0.00942806,0.01078733
404,2020,45,0.01292027,0.00996784,0.01146341
404,2020,46,0.01370475,0.01046462,0.0121026
404,2020,47,0.01455884,0.01100302,0.01279707
404,2020,48,0.01549077,0.01156164,0.01353977
404,2020,49,0.01645043,0.01212719,0.01429881
404,2020,50,0.01760925,0.01273884,0.01517958
404,2020,51,0.01846361,0.01323757,0.01584969
404,2020,52,0.01953004,0.01387302,0.01669245
404,2020,53,0.02049408,0.01439839,0.0174267
404,2020,54,0.0215481,0.01495074,0.01821677
404,2020,55,0.02273646,0.01555556,0.01909672
404,2020,56,0.02387519,0.01627671,0.02000799
404,2020,57,0.02522981,0.01714678,0.02109838
404,2020,58,0.02750013,0.0183712,0.02281314
404,2020,59,0.03090544,0.01991233,0.02523361
404,2020,60,0.0352803,0.02178883,0.0282822
404,2020,61,0.03890623,0.02362884,0.03093815
404,2020,62,0.04232333,0.02561553,0.033561
404,2020,63,0.04491128,0.02753447,0.03574686
404,2020,64,0.04760944,0.02964211,0.03807951
404,2020,65,0.05047588,0.03202144,0.04062944
404,2020,66,0.05245694,0.03364571,0.04235909
404,2020,67,0.05485153,0.03560482,0.04445863
404,2020,68,0.05766205,0.03823545,0.04711043
404,2020,69,0.06074756,0.04154417,0.05025509
404,2020,70,0.0648305,0.04570823,0.05467895
404,2020,71,0.06827828,0.04908945,0.05832171
404,2020,72,0.07319254,0.05299562,0.06257219
404,2020,73,0.07823018,0.05569036,0.06611678
404,2020,74,0.08423867,0.05823453,0.06986927
404,2020,75,0.09072573,0.06083475,0.07375195
404,2020,76,0.09707009,0.06367693,0.07760591
404,2020,77,0.10289668,0.06716573,0.08152266
404,2020,78,0.10938545,0.07306235,0.08708365
404,2020,79,0.11523719,0.07891512,0.09240799
404,2020,80,0.12269957,0.087317,0.1000511
404,2020,81,0.13015534,0.09496578,0.10733044
404,2020,82,0.14117318,0.1066591,0.11860416
404,2020,83,0.15027565,0.11594057,0.12774548
404,2020,84,0.159433,0.12583108,0.13735466
404,2020,85,0.16744332,0.13493691,0.14607726
404,2020,86,0.17831926,0.14595154,0.15704182
404,2020,87,0.19125228,0.15752384,0.16908642
404,2020,88,0.20681858,0.17160871,0.18370584
404,2020,89,0.2227189,0.18555947,0.19833307
404,2020,90,0.24143065,0.20435224,0.21707775
404,2020,91,0.25755965,0.21647397,0.23055214
404,2020,92,0.27895823,0.2368921,0.25129262
404,2020,93,0.29939231,0.25573405,0.27066102
404,2020,94,0.32090683,0.27647423,0.29156416
404,2020,95,0.342902,0.29928563,0.31390174
404,2020,96,0.36458763,0.32053658,0.33502593
404,2020,97,0.38578657,0.34130372,0.35560764
404,2020,98,0.40639693,0.36138342,0.37550135
404,2020,99,0.43246098,0.38871625,0.40202772
404,2020,100,0.48912062,0.45063427,0.46139895
404,2021,0,0.0358724,0.02794458,0.03193787
404,2021,1,0.00619612,0.00611339,0.00615506
404,2021,2,0.00511621,0.004573,0.00484659
404,2021,3,0.00420285,0.00353086,0.00386923
404,2021,4,0.00320618,0.00263763,0.0029239
404,2021,5,0.002184,0.00187281,0.00202951
404,2021,6,0.00144715,0.00132453,0.00138628
404,2021,7,0.0011002,0.00103252,0.0010666
404,2021,8,0.00101949,0.00090918,0.00096472
404,2021,9,0.0009741,0.00083425,0.00090465
404,2021,10,0.0009749,0.00078976,0.00088292
404,2021,11,0.00101576,0.00076849,0.00089284
404,2021,12,0.00106133,0.00079112,0.00092691
404,2021,13,0.00112808,0.00085707,0.0009931
404,2021,14,0.00124414,0.00095524,0.0011
404,2021,15,0.00141459,0.00110563,0.00126017
404,2021,16,0.00161977,0.00125221,0.0014357
404,2021,17,0.00189369,0.00143213,0.00166195
404,2021,18,0.00219112,0.00162865,0.00190786
404,2021,19,0.00239802,0.0018141,0.00210302
404,2021,20,0.00261468,0.00201126,0.00230873
404,2021,21,0.00283293,0.00215806,0.00248946
404,2021,22,0.00306951,0.00236942,0.00271199
404,2021,23,0.00330232,0.00258277,0.00293387
404,2021,24,0.00352722,0.00280407,0.00315621
404,2021,25,0.00377619,0.00303583,0.00339607
404,2021,26,0.00400708,0.00328994,0.00363906
404,2021,27,0.00428292,0.00354628,0.00390557
404,2021,28,0.00456162,0.00377276,0.00415871
404,2021,29,0.00485147,0.00404304,0.00444018
404,2021,30,0.00520141,0.00428524,0.00473742
404,2021,31,0.00549205,0.00449242,0.00498823
404,2021,32,0.00587411,0.00479884,0.00533491
404,2021,33,0.00626437,0.00510358,0.00568529
404,2021,34,0.00671715,0.00548068,0.00610329
404,2021,35,0.00719343,0.0059397,0.00657364
404,2021,36,0.00764552,0.00631248,0.00698891
404,2021,37,0.008157,0.00665568,0.00741974
404,2021,38,0.00864872,0.00695714,0.00781977
404,2021,39,0.00914534,0.00720447,0.0081952
404,2021,40,0.00973204,0.00745488,0.00861743
404,2021,41,0.010178,0.00769805,0.00896345
404,2021,42,0.01075454,0.00798282,0.00939544
404,2021,43,0.01134419,0.00850608,0.00995039
404,2021,44,0.01201872,0.00928366,0.01067332
404,2021,45,0.01281374,0.01022038,0.01153552
404,2021,46,0.01358213,0.0110587,0.01233567
404,2021,47,0.01442695,0.01174041,0.01309703
404,2021,48,0.01537006,0.01223165,0.01381307
404,2021,49,0.01636107,0.0126357,0.01450837
404,2021,50,0.01755361,0.01304024,0.01530316
404,2021,51,0.01843114,0.01333811,0.01588485
404,2021,52,0.01948914,0.01382487,0.01664903
404,2021,53,0.02041587,0.01427929,0.01732925
404,2021,54,0.02141808,0.01481131,0.01808346
404,2021,55,0.02254933,0.01542621,0.01894064
404,2021,56,0.02363396,0.0161656,0.01983507
404,2021,57,0.02494649,0.01704182,0.02090826
404,2021,58,0.02725804,0.01844605,0.02273537
404,2021,59,0.03085616,0.02046983,0.02549798
404,2021,60,0.03557062,0.02301739,0.02905649
404,2021,61,0.03969009,0.02561105,0.03233823
404,2021,62,0.04374439,0.02831439,0.03563713
404,2021,63,0.04704051,0.03086374,0.03848993
404,2021,64,0.05040983,0.03355674,0.04144919
404,2021,65,0.05387099,0.03651219,0.04458667
404,2021,66,0.05634249,0.03874314,0.04687227
404,2021,67,0.05907224,0.04137123,0.04948872
404,2021,68,0.06195992,0.04455705,0.05248202
404,2021,69,0.06487327,0.04816119,0.05571964
404,2021,70,0.06865368,0.05243215,0.05971778
404,2021,71,0.07181636,0.05582993,0.06325704
404,2021,72,0.07656579,0.05971715,0.06774365
404,2021,73,0.08285256,0.06285136,0.07223116
404,2021,74,0.09190614,0.06643882,0.07806495
404,2021,75,0.10204057,0.07028139,0.08426305
404,2021,76,0.11144664,0.07417053,0.08997083
404,2021,77,0.11854859,0.07809724,0.09460485
404,2021,78,0.12501619,0.08364223,0.09988273
404,2021,79,0.13084438,0.08866837,0.10456234
404,2021,80,0.13824512,0.09607825,0.11136778
404,2021,81,0.14559901,0.1028946,0.11789746
404,2021,82,0.15641301,0.11419493,0.128679
404,2021,83,0.16371209,0.12258284,0.13648906
404,2021,84,0.16887905,0.13038569,0.14332709
404,2021,85,0.17222117,0.13701701,0.14884035
404,2021,86,0.17920238,0.14596556,0.15713523
404,2021,87,0.1904946,0.15664474,0.16802096
404,2021,88,0.20602654,0.17068746,0.1825637
404,2021,89,0.22191444,0.18461445,0.19716534
404,2021,90,0.24058353,0.2033447,0.21587462
404,2021,91,0.25674278,0.21545729,0.22931157
404,2021,92,0.2781198,0.2358346,0.24997793
404,2021,93,0.29855309,0.25465517,0.26930854
404,2021,94,0.32005372,0.27537039,0.29024953
404,2021,95,0.3419901,0.29815822,0.31264399
404,2021,96,0.36366989,0.31939427,0.333821
404,2021,97,0.38486741,0.34014575,0.35442693
404,2021,98,0.40548095,0.36020829,0.37432253
404,2021,99,0.43154571,0.38755874,0.40092581
404,2021,100,0.48829036,0.44959308,0.46043851
404,2022,0,0.03449645,0.02739368,0.03097212
404,2022,1,0.00461989,0.0052659,0.0049406
404,2022,2,0.00304176,0.00323738,0.00313887
404,2022,3,0.00213056,0.00217412,0.00215218
404,2022,4,0.00158027,0.00154928,0.00156488
404,2022,5,0.00120161,0.00116966,0.00118575
404,2022,6,0.0010392,0.00097556,0.00100761
404,2022,7,0.00094082,0.00086192,0.00090165
404,2022,8,0.00085306,0.00077509,0.00081435
404,2022,9,0.00079135,0.00072661,0.00075921
404,2022,10,0.00077176,0.00070167,0.00073695
404,2022,11,0.00079442,0.00069557,0.00074531
404,2022,12,0.00083198,0.00072945,0.000781
404,2022,13,0.00090533,0.00080428,0.00085503
404,2022,14,0.0010392,0.00090894,0.00097427
404,2022,15,0.00123293,0.00106133,0.00114723
404,2022,16,0.0014638,0.00120826,0.00133591
404,2022,17,0.00175632,0.00138091,0.00156801
404,2022,18,0.00207204,0.00156558,0.00181726
404,2022,19,0.00230281,0.00173967,0.00201858
404,2022,20,0.00253974,0.00192365,0.00222776
404,2022,21,0.00276999,0.0020609,0.00240963
404,2022,22,0.0030041,0.00225647,0.00262275
404,2022,23,0.00322543,0.00245419,0.00283078
404,2022,24,0.00343819,0.0026593,0.00303866
404,2022,25,0.00367263,0.00287251,0.00326158
404,2022,26,0.0038903,0.00310701,0.0034878
404,2022,27,0.0041501,0.00334421,0.00373642
404,2022,28,0.00441336,0.00355562,0.00397407
404,2022,29,0.00468742,0.00380518,0.00423712
404,2022,30,0.00501895,0.00403372,0.00451822
404,2022,31,0.00529379,0.00422548,0.00475344
404,2022,32,0.0056585,0.00451493,0.00508296
404,2022,33,0.00602984,0.00477443,0.00540127
404,2022,34,0.00646056,0.0050637,0.00576479
404,2022,35,0.00691547,0.00541676,0.00617253
404,2022,36,0.00734791,0.0057054,0.00653705
404,2022,37,0.00783711,0.00600383,0.0069352
404,2022,38,0.00831173,0.00632503,0.0073371
404,2022,39,0.00879046,0.00662987,0.00773248
404,2022,40,0.00935833,0.00695928,0.00818446
404,2022,41,0.00979019,0.00725638,0.00855028
404,2022,42,0.01035503,0.00757483,0.00899352
404,2022,43,0.01091117,0.00791754,0.00944312
404,2022,44,0.01152572,0.00828512,0.00993394
404,2022,45,0.01224139,0.00873326,0.01051521
404,2022,46,0.01292076,0.00915771,0.01106533
404,2022,47,0.01367836,0.00965855,0.01169178
404,2022,48,0.01451165,0.01021568,0.01238355
404,2022,49,0.01536252,0.01079132,0.01309255
404,2022,50,0.01640957,0.0114395,0.01393467
404,2022,51,0.0171786,0.01196714,0.01457577
404,2022,52,0.01819117,0.01265876,0.01541964
404,2022,53,0.01912553,0.01327415,0.01618467
404,2022,54,0.02015615,0.01398003,0.01704132
404,2022,55,0.02131455,0.0147434,0.01798803
404,2022,56,0.02243193,0.01559166,0.01895527
404,2022,57,0.02374608,0.01649861,0.02004658
404,2022,58,0.02527633,0.01755785,0.02131797
404,2022,59,0.02695196,0.01869776,0.02269714
404,2022,60,0.02920811,0.02011247,0.02449236
404,2022,61,0.03096469,0.0214827,0.02601685
404,2022,62,0.03335485,0.02321999,0.02803068
404,2022,63,0.03561625,0.02502045,0.03001347
404,2022,64,0.03808953,0.02704131,0.03221097
404,2022,65,0.04077473,0.02933998,0.03465316
404,2022,66,0.04258952,0.03087665,0.03628094
404,2022,67,0.04474539,0.03272372,0.0382307
404,2022,68,0.0471868,0.03480434,0.04043522
404,2022,69,0.04977485,0.03696587,0.0427496
404,2022,70,0.05323388,0.03985547,0.04585451
404,2022,71,0.05597725,0.04211478,0.04828644
404,2022,72,0.06009355,0.04556604,0.05224987
404,2022,73,0.06389486,0.04866428,0.05584531
404,2022,74,0.06815471,0.05223794,0.05961479
404,2022,75,0.07282797,0.0560724,0.06361762
404,2022,76,0.07776316,0.05995213,0.067671
404,2022,77,0.08301761,0.06386067,0.07184081
404,2022,78,0.08965477,0.06913445,0.07735606
404,2022,79,0.0959498,0.0735244,0.08216254
404,2022,80,0.10406444,0.08019868,0.08902366
404,2022,81,0.1123393,0.08634751,0.09559666
404,2022,82,0.12422965,0.09732791,0.10660746
404,2022,83,0.13556154,0.10736783,0.11687408
404,2022,84,0.14862578,0.11914831,0.12895536
404,2022,85,0.1610173,0.1305437,0.14063963
404,2022,86,0.17543007,0.14349165,0.15407495
404,2022,87,0.18979511,0.15582416,0.16709344
404,2022,88,0.20529106,0.16982909,0.18159244
404,2022,89,0.22116216,0.1837358,0.19614612
404,2022,90,0.23978345,0.20240648,0.2148145
404,2022,91,0.25596828,0.21451189,0.22826347
404,2022,92,0.27732181,0.23484973,0.24888498
404,2022,93,0.29775249,0.25364954,0.26816413
404,2022,94,0.31923471,0.27434,0.28905992
404,2022,95,0.34110611,0.29710416,0.31146476
404,2022,96,0.3627727,0.31832506,0.33268764
404,2022,97,0.38396138,0.33906067,0.35332667
404,2022,98,0.40457201,0.35910467,0.37321566
404,2022,99,0.4306331,0.38646895,0.39980504
404,2022,100,0.48745971,0.4486086,0.45947448
404,2023,0,0.03392755,0.02689744,0.03043928
404,2023,1,0.00461773,0.00525352,0.00493332
404,2023,2,0.00303198,0.00322561,0.00312809
404,2023,3,0.00212269,0.00216443,0.00214341
404,2023,4,0.00157464,0.00154204,0.00155845
404,2023,5,0.00119786,0.00116408,0.00118109
404,2023,6,0.0010358,0.00097104,0.00100364
404,2023,7,0.00093743,0.00085824,0.00089812
404,2023,8,0.00084972,0.00077174,0.00081101
404,2023,9,0.00078793,0.00072332,0.00075586
404,2023,10,0.00076796,0.00069818,0.00073331
404,2023,11,0.00078996,0.00069179,0.00074121
404,2023,12,0.00082701,0.00072548,0.00077656
404,2023,13,0.00089997,0.00080013,0.00085031
404,2023,14,0.00103343,0.00090445,0.00096921
404,2023,15,0.0012265,0.00105656,0.00114177
404,2023,16,0.00145672,0.00120297,0.00132995
404,2023,17,0.00174786,0.00137587,0.00156161
404,2023,18,0.00206259,0.00156093,0.00181082
404,2023,19,0.00229399,0.00173592,0.00201307
404,2023,20,0.00253143,0.00192128,0.00222327
404,2023,21,0.00276151,0.00205958,0.00240582
404,2023,22,0.0029939,0.00225704,0.00261916
404,2023,23,0.00321261,0.00245682,0.00282683
404,2023,24,0.00342278,0.00266411,0.00303431
404,2023,25,0.00365428,0.00287976,0.00325677
404,2023,26,0.00386927,0.00311698,0.00348261
404,2023,27,0.00412585,0.00335697,0.00373061
404,2023,28,0.00438576,0.00357032,0.00396706
404,2023,29,0.00465612,0.00382265,0.00422917
404,2023,30,0.00498324,0.00405262,0.00450816
404,2023,31,0.00525432,0.00424633,0.00474194
404,2023,32,0.00561471,0.00453759,0.00506981
404,2023,33,0.00598171,0.00479878,0.00538625
404,2023,34,0.00640746,0.00509001,0.00574768
404,2023,35,0.00685736,0.00544569,0.006154
404,2023,36,0.0072851,0.00573539,0.00651659
404,2023,37,0.00776902,0.00603509,0.00691262
404,2023,38,0.00823892,0.00635613,0.0073121
404,2023,39,0.00871281,0.0066613,0.00770567
404,2023,40,0.00927526,0.00698959,0.0081551
404,2023,41,0.009703,0.00728753,0.00851997
404,2023,42,0.01026319,0.00760279,0.00895995
404,2023,43,0.01081437,0.00794554,0.00940778
404,2023,44,0.01142383,0.0083124,0.00989601
404,2023,45,0.01213374,0.00875968,0.010474
404,2023,46,0.01280757,0.00918347,0.0110215
404,2023,47,0.01355928,0.00968329,0.01164487
404,2023,48,0.01438621,0.01023784,0.01233227
404,2023,49,0.01523071,0.01081142,0.01303713
404,2023,50,0.0162699,0.01145452,0.01387345
404,2023,51,0.01703346,0.0119808,0.01451149
404,2023,52,0.01803952,0.01266562,0.01534878
404,2023,53,0.01896789,0.01327753,0.01610953
404,2023,54,0.01999221,0.01397843,0.01696103
404,2023,55,0.02114297,0.01473796,0.01790281
404,2023,56,0.02225417,0.01558066,0.0188649
404,2023,57,0.02355995,0.01648292,0.0199507
404,2023,58,0.02508071,0.01753354,0.02121428
404,2023,59,0.02674526,0.01866648,0.02258612
404,2023,60,0.02898611,0.02006707,0.02436935
404,2023,61,0.03073117,0.02143395,0.02588942
404,2023,62,0.03310678,0.02315631,0.0278902
404,2023,63,0.03535465,0.02494676,0.0298602
404,2023,64,0.03781337,0.02695625,0.03204317
404,2023,65,0.04048335,0.0292418,0.03447047
404,2023,66,0.04229206,0.03076464,0.03608768
404,2023,67,0.04444189,0.03259228,0.03802468
404,2023,68,0.04687638,0.03464968,0.04021348
404,2023,69,0.04945724,0.03679099,0.04251123
404,2023,70,0.052902,0.03964329,0.04558689
404,2023,71,0.05563959,0.04188665,0.04800695
404,2023,72,0.05973952,0.0452966,0.05167548
404,2023,73,0.06352717,0.04836198,0.0552816
404,2023,74,0.06776964,0.05189768,0.05931729
404,2023,75,0.07242268,0.05568998,0.06337464
404,2023,76,0.07734318,0.05953458,0.06747543
404,2023,77,0.08258258,0.06340495,0.071627
404,2023,78,0.08920326,0.06863442,0.07710233
404,2023,79,0.09549361,0.07299037,0.08189033
404,2023,80,0.10359619,0.07962827,0.08873071
404,2023,81,0.11186532,0.08576118,0.0952663
404,2023,82,0.12371098,0.09669405,0.10615126
404,2023,83,0.13501468,0.10670007,0.11630081
404,2023,84,0.14803991,0.1184386,0.12824208
404,2023,85,0.16041475,0.12980061,0.13979839
404,2023,86,0.17480915,0.14272843,0.15315404
404,2023,87,0.18915904,0.15502888,0.16611111
404,2023,88,0.20462967,0.16899786,0.18056851
404,2023,89,0.22049724,0.18288854,0.19508897
404,2023,90,0.23908403,0.20150595,0.21368522
404,2023,91,0.25530415,0.21361102,0.22712383
404,2023,92,0.27663814,0.23391642,0.24772782
404,2023,93,0.29706806,0.25270352,0.26697711
404,2023,94,0.31853694,0.27337879,0.28783079
404,2023,95,0.34035042,0.29612842,0.31022214
404,2023,96,0.36201107,0.31734097,0.33150768
404,2023,97,0.38319724,0.33806333,0.35221954
404,2023,98,0.40380692,0.35808986,0.3721702
404,2023,99,0.42986041,0.38547036,0.39880498
404,2023,100,0.48675027,0.44770956,0.45860947
404,2024,0,0.03327102,0.02626065,0.02979241
404,2024,1,0.00452648,0.00512652,0.00482428
404,2024,2,0.00297194,0.00314747,0.00305905
404,2024,3,0.00208057,0.00211189,0.00209611
404,2024,4,0.00154332,0.00150452,0.00152406
404,2024,5,0.00117399,0.0011357,0.00115498
404,2024,6,0.00101517,0.00094739,0.00098152
404,2024,7,0.00091878,0.00083735,0.00087834
404,2024,8,0.00083283,0.00075297,0.00079318
404,2024,9,0.00077228,0.00070575,0.00073925
404,2024,10,0.00075272,0.00068123,0.00071722
404,2024,11,0.00077433,0.00067505,0.00072503
404,2024,12,0.00081069,0.00070798,0.00075967
404,2024,13,0.00088227,0.00078088,0.00083188
404,2024,14,0.00101317,0.00088276,0.00094829
404,2024,15,0.00120253,0.0010313,0.00111725
404,2024,16,0.00142842,0.00117438,0.00130172
404,2024,17,0.00171412,0.00134338,0.00152882
404,2024,18,0.00202302,0.0015243,0.00177319
404,2024,19,0.00225027,0.00169544,0.00197165
404,2024,20,0.00248349,0.00187676,0.00217787
404,2024,21,0.00270979,0.00201238,0.00235732
404,2024,22,0.00293846,0.00220589,0.00256699
404,2024,23,0.00315379,0.00240177,0.00277109
404,2024,24,0.00336084,0.0026051,0.00297485
404,2024,25,0.00358892,0.00281671,0.0031933
404,2024,26,0.00380125,0.00304991,0.00341546
404,2024,27,0.00405459,0.00328599,0.00365941
404,2024,28,0.00431137,0.00349617,0.0038922
404,2024,29,0.00457858,0.0037447,0.00415032
404,2024,30,0.00490179,0.0039715,0.00442516
404,2024,31,0.00517051,0.00416338,0.0046563
404,2024,32,0.00552737,0.00445113,0.00498022
404,2024,33,0.00589102,0.00470965,0.00529328
404,2024,34,0.00631286,0.00499793,0.0056508
404,2024,35,0.00675882,0.00534979,0.00605296
404,2024,36,0.00718367,0.00563751,0.00641302
404,2024,37,0.00766432,0.00593537,0.00680651
404,2024,38,0.00813156,0.00625457,0.00720396
404,2024,39,0.00860316,0.00655848,0.00759595
404,2024,40,0.00916268,0.00688551,0.00804384
404,2024,41,0.0095896,0.00718302,0.00840909
404,2024,42,0.01014787,0.00749794,0.00884865
404,2024,43,0.01069773,0.00784032,0.00929635
404,2024,44,0.01130578,0.0082069,0.00978445
404,2024,45,0.01201383,0.00865333,0.01036136
404,2024,46,0.0126863,0.00907661,0.01090789
404,2024,47,0.01343651,0.00957551,0.01153046
404,2024,48,0.01426191,0.01012906,0.0122169
404,2024,49,0.01510543,0.010702,0.01292091
404,2024,50,0.01614282,0.01134439,0.01375592
404,2024,51,0.01690635,0.01187071,0.01439445
404,2024,52,0.01791119,0.01255462,0.01523088
404,2024,53,0.01883958,0.01316682,0.01599164
404,2024,54,0.01986395,0.01386784,0.01684346
404,2024,55,0.02101471,0.01462764,0.01778564
404,2024,56,0.02212516,0.01546916,0.01874726
404,2024,57,0.02342971,0.01637038,0.01983244
404,2024,58,0.02494883,0.01741959,0.02109522
404,2024,59,0.02661184,0.01855131,0.02246664
404,2024,60,0.02884933,0.01994987,0.0242487
404,2024,61,0.03059212,0.02131385,0.02576818
404,2024,62,0.03296341,0.02303204,0.02776741
404,2024,63,0.03520842,0.0248188,0.02973506
404,2024,64,0.03766431,0.02682438,0.03191285
404,2024,65,0.04033164,0.0291057,0.03433429
404,2024,66,0.04213941,0.03062663,0.03594858
404,2024,67,0.04428763,0.03245158,0.03788248
404,2024,68,0.04672015,0.03450595,0.0400687
404,2024,69,0.04929925,0.03664459,0.04236374
404,2024,70,0.05274032,0.03949223,0.04543233
404,2024,71,0.0554753,0.04173234,0.04784662
404,2024,72,0.05956932,0.04513546,0.05150786
404,2024,73,0.06335275,0.04819605,0.05483394
404,2024,74,0.0675906,0.05172619,0.05890199
404,2024,75,0.07223884,0.055513,0.06326144
404,2024,76,0.07715334,0.05935148,0.0674481
404,2024,77,0.0823868,0.06321643,0.0716743
404,2024,78,0.08899926,0.06843738,0.07715098
404,2024,79,0.09528323,0.07278831,0.08193106
404,2024,80,0.10337664,0.07941598,0.08875998
404,2024,81,0.11163616,0.08553996,0.09529998
404,2024,82,0.12346631,0.09645298,0.10612926
404,2024,83,0.13475721,0.10644327,0.1161858
404,2024,84,0.14776808,0.1181638,0.12802303
404,2024,85,0.16013154,0.12951066,0.13946476
404,2024,86,0.17451112,0.14242016,0.15270008
404,2024,87,0.18884798,0.15470551,0.165578
404,2024,88,0.20430557,0.16865785,0.17998836
404,2024,89,0.22016136,0.18253411,0.19448347
404,2024,90,0.2387343,0.20113035,0.21305426
404,2024,91,0.25494413,0.21322658,0.22642819
404,2024,92,0.27626259,0.23351047,0.2470163
404,2024,93,0.2966804,0.25228121,0.26625818
404,2024,94,0.31813802,0.2729395,0.28708327
404,2024,95,0.3399421,0.29567162,0.3094473
404,2024,96,0.36160459,0.31688125,0.33073733
404,2024,97,0.38279644,0.33760536,0.3515215
404,2024,98,0.40341563,0.35763841,0.37155993
404,2024,99,0.42947693,0.38502062,0.39827387
404,2024,100,0.50169206,0.44623932,0.46157539
